"proposed_slug","proposed_title","asset_count","strongest_matching_assets","likely_parent_hubs","reason_for_manual_review","overlap_score","seo_intent","risk","owner_decision","owner_notes"
"birthday-cakes","Birthday Cakes Coloring Pages","7","Anime Girl Birthday Cake; Anime Girl Celetbrating Birthday Cake; Holiday Birthday Cake With Candles; Holiday Birthday Cupcake; Holiday Birthday Dog With Birthday Cake; Mandala Geometry Patterns Bakery Birthday Cake; Mandala Geometry Patterns Bakery Birthday Cupcake","food; birthday; holidays","Below combination minimum of 10 assets but above absolute minimum.","existing:1; comparable:0","Birthday Cakes printable coloring pages for visitors who want both the subject and the style or season.","below normal asset threshold","",""
"halloween-cats","Halloween Cats Coloring Pages","7","Chibi Holiday Halloween Black Cat Peeking Out Of Pumpkin Coloring Page; Chibi Holiday Halloween Black Cat Sitting On Fence Under Moon Coloring Page; Chibi Holiday Halloween Cute Halloween Ghost Cat Bat Friends Coloring Page; Chibi Holiday Halloween Mummy Running Away From Black Cat Coloring Page; Chibi Holiday Halloween Witch With Black Cat On Shoulder Coloring Page; Holiday Halloween Black Cat Sitting On Fence Under Moon Coloring Page; Holiday Halloween Costume Plushie Kitten Cat Family","animals; cats; halloween","Below combination minimum of 10 assets but above absolute minimum.","existing:1; comparable:0","Halloween Cats printable coloring pages for visitors who want both the subject and the style or season.","below normal asset threshold","",""
"halloween-houses","Halloween Houses Coloring Pages","7","Chibi Holiday Halloween Haunted House Coloring Page; Chibi Holiday Halloween Haunted House On Hill Coloring Page; Chibi Holiday Halloween Haunted House On Hill Under Full Moon Coloring Page; Chibi Holiday Halloween Haunted House On Stilts In Swamp Coloring Page; Chibi Holiday Halloween Haunted House With Bats Flying Around Coloring Page; Chibi Holiday Halloween Haunted House With Broken Fence Coloring Page; Holiday Halloween Haunted House On Hill Under Full Moon Coloring Page","buildings; halloween; holidays","Below combination minimum of 10 assets but above absolute minimum.","existing:1; comparable:0","Halloween Houses printable coloring pages for visitors who want both the subject and the style or season.","below normal asset threshold","",""
"birthday-dragons","Birthday Dragons Coloring Pages","6","Holiday Birthday Celebration Dragon; Holiday Birthday Celebration Fire Dragon; Holiday Birthday Celebration Ice Dragon; Holiday Birthday Celebration Plushie Baby Dragon Family; Holiday Birthday Celebration Plushie Dragon Family; Holiday Birthday Celebration Plushie Komodo Dragon Family","fantasy; birthday; fantasy-creatures","Below combination minimum of 10 assets but above absolute minimum.","existing:1; comparable:0","Birthday Dragons printable coloring pages for visitors who want both the subject and the style or season.","below normal asset threshold","",""
"christmas-dragons","Christmas Dragons Coloring Pages","6","Holiday Christmas Animals Dragons; Holiday Christmas Plushie Baby Dragon Family; Holiday Christmas Plushie Baby Dragon; Holiday Christmas Plushie Dragon Family; Holiday Christmas Plushie Dragon; Holiday Christmas Plushie Komodo Dragon Family","fantasy; christmas; fantasy-creatures","Below combination minimum of 10 assets but above absolute minimum.","existing:1; comparable:0","Christmas Dragons printable coloring pages for visitors who want both the subject and the style or season.","below normal asset threshold","",""
"snowmen","Snowmen Coloring Pages","7","Chibi Plushie Snowman Character; Christmas Holiday Snowman; Holiday Christmas Snowman Decorated With String Lights Coloring Page; Holiday Christmas Snowman Hugging Small Penguin Friend Coloring Page; Holiday Christmas Snowman Ice Skating On Frozen Pond Coloring Page; Holiday Christmas Snowman With Carrot Nose And Top Hat Coloring Page; Mandala Geometry Patterns Plushie Snowman Character","christmas; holidays","Below seasonal minimum of 8 assets but above absolute minimum.","existing:0.714; comparable:0","Snowman coloring pages for winter and Christmas themes.","below normal asset threshold","",""
"chibi-cats","Chibi Cats Coloring Pages","9","Chibi Cat; Chibi Holiday Halloween Black Cat Peeking Out Of Pumpkin Coloring Page; Chibi Holiday Halloween Black Cat Sitting On Fence Under Moon Coloring Page; Chibi Holiday Halloween Cute Halloween Ghost Cat Bat Friends Coloring Page; Chibi Holiday Halloween Mummy Running Away From Black Cat Coloring Page; Chibi Holiday Halloween Witch With Black Cat On Shoulder Coloring Page; Chibi Kitten; Chibi Plushie Kitten Cat","animals; cats; chibi","Below combination minimum of 10 assets but above absolute minimum.","existing:1; comparable:0","Chibi Cats printable coloring pages for visitors who want both the subject and the style or season.","below normal asset threshold","",""
"plushie-butterflies","Plushie Butterflies Coloring Pages","9","Anime Girl Summoning Butterfly Plushies; Chibi Plushie Butterfly; Holiday Birthday Celebration Plushie Butterfly Family; Holiday Christmas Plushie Butterfly Family; Holiday Halloween Costume Plushie Butterfly Family; Mandala Geometry Patterns Plushie Butterfly Insects; Mandala Geometry Patterns Plushie Butterfly; Plushie Butterfly Family","insects; animals; butterflies","Below combination minimum of 10 assets but above absolute minimum.","existing:1; comparable:0","Plushie Butterflies printable coloring pages for visitors who want both the subject and the style or season.","below normal asset threshold","",""
"plushie-diplodocus","Plushie Diplodocus Coloring Pages","9","Anime Girl Summoning Jutsu Diplodocus Plushies; Chibi Plushie Prehistoric Diplodocus; Holiday Birthday Celebration Plushie Prehistoric Diplodocus Family; Holiday Christmas Plushie Prehistoric Diplodocus Family; Holiday Halloween Costume Plushie Prehistoric Diplodocus Family; Mandala Geometry Patterns Plushie Prehistoric Diplodocus Animal; Mandala Geometry Patterns Plushie Prehistoric Diplodocus; Plushie Prehistoric Diplodocus Family","dinosaurs; animals; plushies","Below combination minimum of 10 assets but above absolute minimum.","existing:1; comparable:0","Plushie Diplodocus printable coloring pages for visitors who want both the subject and the style or season.","below normal asset threshold","",""
"plushie-lizards","Plushie Lizards Coloring Pages","9","Anime Girl Summoning Australian Throny Devil Lizard Plushies; Anime Girl Summoning Frilled Lizard Plushies; Chibi Plushie Iguana; Holiday Birthday Celebration Plushie Iguana Family; Holiday Christmas Plushie Iguana Family; Holiday Halloween Costume Plushie Iguana Family; Mandala Geometry Patterns Plushie Iguana; Plushie Iguana Family","reptiles; plushies","Below combination minimum of 10 assets but above absolute minimum.","existing:1; comparable:0","Plushie Lizards printable coloring pages for visitors who want both the subject and the style or season.","below normal asset threshold","",""
"plushie-owls","Plushie Owls Coloring Pages","9","Chibi Plushie Owl; Holiday Birthday Celebration Plushie Owl Family; Holiday Christmas Plushie Owl Family; Holiday Halloween Costume Plushie Owl Family; Holiday Halloween Plushie Owl Family; Mandala Geometry Patterns Plushie Owl Animals; Mandala Geometry Patterns Plushie Owl; Plushie Owl Family","birds; plushies","Below combination minimum of 10 assets but above absolute minimum.","existing:1; comparable:0","Plushie Owls printable coloring pages for visitors who want both the subject and the style or season.","below normal asset threshold","",""
"chibi-bears","Chibi Bears Coloring Pages","8","Anime Girl Chibi Bear Summon; Chibi Bear; Chibi Cave Bear; Chibi Plushie Kawaii Polar Bear; Chibi Plushie Koala Bear; Chibi Plushie Panda Bear; Chibi Plushie Polar Bear; Chibi Plushie Teddy Bear","animals; chibi; easy; for-kids","Below combination minimum of 10 assets but above absolute minimum.","existing:1; comparable:0","Chibi Bears printable coloring pages for visitors who want both the subject and the style or season.","below normal asset threshold","",""
"plushie-dolphins","Plushie Dolphins Coloring Pages","8","Chibi Plushie Dolphin; Holiday Birthday Celebration Plushie Dolphin Family; Holiday Christmas Plushie Dolphin Family; Holiday Halloween Costume Plushie Dolphin Family; Mandala Geometry Patterns Plushie Dolphin Animals; Mandala Geometry Patterns Plushie Dolphin; Plushie Dolphin Family; Plushie Dolphin","sea-life; animals; plushies","Below combination minimum of 10 assets but above absolute minimum.","existing:1; comparable:0","Plushie Dolphins printable coloring pages for visitors who want both the subject and the style or season.","below normal asset threshold","",""
"plushie-eagles","Plushie Eagles Coloring Pages","8","Chibi Plushie Eagle; Holiday Birthday Celebration Plushie Eagle Family; Holiday Christmas Plushie Eagle Family; Holiday Halloween Costume Plushie Eagle Family; Mandala Geometry Patterns Plushie Eagle Be Creative; Mandala Geometry Patterns Plushie Eagle; Plushie Eagle Family; Plushie Eagle","birds; plushies","Below combination minimum of 10 assets but above absolute minimum.","existing:1; comparable:0","Plushie Eagles printable coloring pages for visitors who want both the subject and the style or season.","below normal asset threshold","",""
"plushie-robots","Plushie Robots Coloring Pages","8","Chibi Plushie Robot; Holiday Birthday Celebration Plushie Robot Family; Holiday Christmas Plushie Robot Family; Holiday Halloween Costume Plushie Robot Family; Mandala Geometry Patterns Plushie Robot Animal; Mandala Geometry Patterns Plushie Robot; Plushie Robot Family; Plushie Robot","fantasy; plushies","Below combination minimum of 10 assets but above absolute minimum.","existing:1; comparable:0","Plushie Robots printable coloring pages for visitors who want both the subject and the style or season.","below normal asset threshold","",""
"chibi-castles","Chibi Castles Coloring Pages","7","Chibi Castle; Chibi Dungeon Castle Gate Defender; Chibi Dungeon Castle Gate Guardian; Chibi Holiday Halloween Creepy Castle With Torch Lit Windows Coloring Page; Chibi Holiday Halloween Dracula Flying As Bat Over Castle Coloring Page; Chibi Hydra Castle Pet; Chibi Midieval Fantasy Castle","buildings; chibi; easy","Below combination minimum of 10 assets but above absolute minimum.","existing:1; comparable:0","Chibi Castles printable coloring pages for visitors who want both the subject and the style or season.","below normal asset threshold","",""
"chibi-houses","Chibi Houses Coloring Pages","6","Chibi Holiday Halloween Haunted House Coloring Page; Chibi Holiday Halloween Haunted House On Hill Coloring Page; Chibi Holiday Halloween Haunted House On Hill Under Full Moon Coloring Page; Chibi Holiday Halloween Haunted House On Stilts In Swamp Coloring Page; Chibi Holiday Halloween Haunted House With Bats Flying Around Coloring Page; Chibi Holiday Halloween Haunted House With Broken Fence Coloring Page","buildings; chibi; easy","Below combination minimum of 10 assets but above absolute minimum.","existing:1; comparable:0","Chibi Houses printable coloring pages for visitors who want both the subject and the style or season.","below normal asset threshold","",""
"chibi-tigers","Chibi Tigers Coloring Pages","6","Chibi Megalodon Tiger Shark; Chibi Plushie Prehistoric Saber Toothed Tiger; Chibi Plushie Tiger; Chibi Saber Toothed Tiger; Chibi Tiger; Chibi Wooly Tiger Mammoth","animals; chibi; easy; for-kids","Below combination minimum of 10 assets but above absolute minimum.","existing:1; comparable:0","Chibi Tigers printable coloring pages for visitors who want both the subject and the style or season.","below normal asset threshold","",""
"chibi-wizards","Chibi Wizards Coloring Pages","6","Chibi Dark Wizard; Chibi Dungeon Wizard And Magic Book; Chibi Dungeon Wizard Casting Spell; Chibi Dungeon Wizard Tower Room; Chibi Midieval Fantasy Sorcerer; Chibi Midieval Fantasy Wizard","fantasy; chibi; easy; for-kids","Below combination minimum of 10 assets but above absolute minimum.","existing:1; comparable:0","Chibi Wizards printable coloring pages for visitors who want both the subject and the style or season.","below normal asset threshold","",""
"princesses","Princesses Coloring Pages","7","Chibi Midieval Fantasy Princess; Fantasy Mermaid Princess Coral Throne; Holiday Birthday Princess Birthday Party; Indoor Plants Philodendron Pink Princess; Indoor Plants Philodendron White Princess; Midieval Fantasy Princess Tower; Midieval Fantasy Princess","fantasy","Below theme minimum of 8 assets but above absolute minimum.","existing:0.571; comparable:0","Princess coloring pages for character and fantasy themes.","below normal asset threshold","",""
"cactus","Cactus Coloring Pages","6","Indoor Plants Christmas Cactus; Indoor Plants Coral Cactus; Indoor Plants Easter Cactus; Indoor Plants Thanksgiving Cactus; Reptiles Desert Iguana On A Cactus; Reptiles Desert Iguana On Cactus","plants; indoor-plants","Below object minimum of 8 assets but above absolute minimum.","existing:0.667; comparable:0","Cactus coloring pages for plant browsing.","below normal asset threshold","",""
