hubId,route,currentIndexable,currentSitemapInclusion,recommendation,consolidationTarget,redirectTarget,proposedSitemapInclusion,rationale,dateReviewed,activated,final_indexable,final_sitemap
hub_coloring_pages,/coloring-pages,true,true,retain and index,,,true,Primary gallery destination with comprehensive browsing intent.,2026-07-18,true,true,true
hub_animals,/coloring-pages/animals,true,true,retain and index,,,true,weak filename/title evidence: 14.4% of members contain a route-subject token,2026-07-18,true,true,true
hub_anime_girls,/coloring-pages/anime-girls,true,true,retain and index,,,true,direct filename/title evidence: 100.0% of members contain a route-subject token,2026-07-18,true,true,true
hub_bakery,/coloring-pages/bakery,true,true,retain and index,,,true,direct filename/title evidence: 100.0% of members contain a route-subject token,2026-07-18,true,true,true
hub_bats,/coloring-pages/bats,true,true,retain and index,,,true,weak filename/title evidence: 25.9% of members contain a route-subject token,2026-07-18,true,true,true
hub_bears,/coloring-pages/bears,true,true,retain and index,,,true,weak filename/title evidence: 6.7% of members contain a route-subject token,2026-07-18,true,true,true
hub_bees,/coloring-pages/bees,true,true,retain and index,,,true,weak filename/title evidence: 6.7% of members contain a route-subject token,2026-07-18,true,true,true
hub_beetles,/coloring-pages/beetles,true,true,retain and index,,,true,weak filename/title evidence: 8.0% of members contain a route-subject token,2026-07-18,true,true,true
hub_birds,/coloring-pages/birds,true,true,retain and index,,,true,direct filename/title evidence: 89.9% of members contain a route-subject token,2026-07-18,true,true,true
hub_birthday,/coloring-pages/birthday,true,true,retain and index,,,true,direct filename/title evidence: 100.0% of members contain a route-subject token,2026-07-18,true,true,true
hub_brachiosaurus,/coloring-pages/brachiosaurus,true,true,retain and index,,,true,direct filename/title evidence: 100.0% of members contain a route-subject token,2026-07-18,true,true,true
hub_bridges,/coloring-pages/bridges,true,true,retain and index,,,true,weak filename/title evidence: 0.0% of members contain a route-subject token,2026-07-18,true,true,true
hub_buildings,/coloring-pages/buildings,true,true,retain and index,,,true,weak filename/title evidence: 0.0% of members contain a route-subject token,2026-07-18,true,true,true
hub_butterflies,/coloring-pages/butterflies,true,true,retain and index,,,true,weak filename/title evidence: 7.7% of members contain a route-subject token,2026-07-18,true,true,true
hub_cakes,/coloring-pages/cakes,true,true,retain and index,,,true,weak filename/title evidence: 4.8% of members contain a route-subject token,2026-07-18,true,true,true
hub_cars,/coloring-pages/cars,true,true,retain and index,,,true,direct filename/title evidence: 94.3% of members contain a route-subject token,2026-07-18,true,true,true
hub_castles,/coloring-pages/castles,true,true,retain and index,,,true,weak filename/title evidence: 0.0% of members contain a route-subject token,2026-07-18,true,true,true
hub_cats,/coloring-pages/cats,true,true,retain and index,,,true,weak filename/title evidence: 7.3% of members contain a route-subject token,2026-07-18,true,true,true
hub_chess,/coloring-pages/chess,true,true,retain and index,,,true,direct filename/title evidence: 100.0% of members contain a route-subject token,2026-07-18,true,true,true
hub_chibi,/coloring-pages/chibi,true,true,retain and index,,,true,direct filename/title evidence: 100.0% of members contain a route-subject token,2026-07-18,true,true,true
hub_chibi_dogs,/coloring-pages/chibi-dogs,true,true,retain and index,,,true,direct filename/title evidence: 100.0% of members contain a route-subject token,2026-07-18,true,true,true
hub_chibi_flowers,/coloring-pages/chibi-flowers,true,true,retain and index,,,true,direct filename/title evidence: 100.0% of members contain a route-subject token,2026-07-18,true,true,true
hub_christmas,/coloring-pages/christmas,true,true,retain and index,,,true,direct filename/title evidence: 100.0% of members contain a route-subject token,2026-07-18,true,true,true
hub_christmas_dogs,/coloring-pages/christmas-dogs,true,true,retain and index,,,true,direct filename/title evidence: 100.0% of members contain a route-subject token,2026-07-18,true,true,true
hub_cows,/coloring-pages/cows,true,true,retain and index,,,true,weak filename/title evidence: 0.0% of members contain a route-subject token,2026-07-18,true,true,true
hub_crabs,/coloring-pages/crabs,true,true,retain and index,,,true,weak filename/title evidence: 0.0% of members contain a route-subject token,2026-07-18,true,true,true
hub_cute,/coloring-pages/cute,true,true,retain and index,,,true,weak filename/title evidence: 7.5% of members contain a route-subject token,2026-07-18,true,true,true
hub_deer,/coloring-pages/deer,true,true,retain and index,,,true,direct filename/title evidence: 100.0% of members contain a route-subject token,2026-07-18,true,true,true
hub_detailed_for_adults,/coloring-pages/detailed-for-adults,true,true,retain and index,,,true,"Corrected membership now represents a distinct, evidence-backed browsing intent.",2026-07-18,true,true,true
hub_dinosaurs,/coloring-pages/dinosaurs,true,true,retain and index,,,true,The inventory is the dinosaur subset of the broader Prehistoric Animals hub.,2026-07-18,true,true,true
hub_diplodocus,/coloring-pages/diplodocus,true,true,retain and index,,,true,direct filename/title evidence: 100.0% of members contain a route-subject token,2026-07-18,true,true,true
hub_dogs,/coloring-pages/dogs,true,true,retain and index,,,true,direct filename/title evidence: 92.3% of members contain a route-subject token,2026-07-18,true,true,true
hub_dolphins,/coloring-pages/dolphins,true,true,retain and index,,,true,weak filename/title evidence: 7.1% of members contain a route-subject token,2026-07-18,true,true,true
hub_dragons,/coloring-pages/dragons,true,true,retain and index,,,true,weak filename/title evidence: 3.1% of members contain a route-subject token,2026-07-18,true,true,true
hub_ducks,/coloring-pages/ducks,true,true,retain and index,,,true,weak filename/title evidence: 5.3% of members contain a route-subject token,2026-07-18,true,true,true
hub_dungeon,/coloring-pages/dungeon,true,true,retain and index,,,true,direct filename/title evidence: 100.0% of members contain a route-subject token,2026-07-18,true,true,true
hub_eagles,/coloring-pages/eagles,true,true,retain and index,,,true,weak filename/title evidence: 4.5% of members contain a route-subject token,2026-07-18,true,true,true
hub_easy,/coloring-pages/easy,false,false,retain publicly but noindex,,,false,"The route remains public and self-canonical, but its legacy membership has no independently reviewed visual-complexity field and is wholly contained in For Kids.",2026-07-18,true,false,false
hub_elephants,/coloring-pages/elephants,true,true,retain and index,,,true,weak filename/title evidence: 11.8% of members contain a route-subject token,2026-07-18,true,true,true
hub_fairies,/coloring-pages/fairies,true,true,retain and index,,,true,weak filename/title evidence: 8.1% of members contain a route-subject token,2026-07-18,true,true,true
hub_fantasy,/coloring-pages/fantasy,true,true,retain and index,,,true,direct filename/title evidence: 57.6% of members contain a route-subject token,2026-07-18,true,true,true
hub_fantasy_creatures,/coloring-pages/fantasy-creatures,true,true,retain and index,,,true,direct filename/title evidence: 39.0% of members contain a route-subject token,2026-07-18,true,true,true
hub_fantasy_dragons,/coloring-pages/fantasy-dragons,true,true,retain and index,,,true,direct filename/title evidence: 100.0% of members contain a route-subject token,2026-07-18,true,true,true
hub_fish,/coloring-pages/fish,true,true,retain and index,,,true,direct filename/title evidence: 100.0% of members contain a route-subject token,2026-07-18,true,true,true
hub_flowers,/coloring-pages/flowers,true,true,retain and index,,,true,direct filename/title evidence: 92.5% of members contain a route-subject token,2026-07-18,true,true,true
hub_food,/coloring-pages/food,true,true,retain and index,,,true,weak filename/title evidence: 1.9% of members contain a route-subject token,2026-07-18,true,true,true
hub_for_kids,/coloring-pages/for-kids,true,true,retain and index,,,true,"Preserve the established audience route and its 35 unique records without treating its collection assignment as proof of age, safety, or difficulty.",2026-07-18,true,true,true
hub_forest,/coloring-pages/forest,true,true,retain and index,,,true,direct filename/title evidence: 100.0% of members contain a route-subject token,2026-07-18,true,true,true
hub_foxes,/coloring-pages/foxes,true,true,retain and index,,,true,weak filename/title evidence: 10.0% of members contain a route-subject token,2026-07-18,true,true,true
hub_garden,/coloring-pages/garden,true,true,retain and index,,,true,direct filename/title evidence: 53.8% of members contain a route-subject token,2026-07-18,true,true,true
hub_garden_flowers,/coloring-pages/garden-flowers,true,true,retain and index,,,true,direct filename/title evidence: 100.0% of members contain a route-subject token,2026-07-18,true,true,true
hub_geometric,/coloring-pages/geometric,true,true,retain and index,,,true,"Corrected membership now represents a distinct, evidence-backed browsing intent.",2026-07-18,true,true,true
hub_geometric_dogs,/coloring-pages/geometric-dogs,true,true,retain and index,,,true,direct filename/title evidence: 95.3% of members contain a route-subject token,2026-07-18,true,true,true
hub_giraffes,/coloring-pages/giraffes,true,true,retain and index,,,true,weak filename/title evidence: 5.3% of members contain a route-subject token,2026-07-18,true,true,true
hub_griffins,/coloring-pages/griffins,true,true,retain and index,,,true,weak filename/title evidence: 0.0% of members contain a route-subject token,2026-07-18,true,true,true
hub_halloween,/coloring-pages/halloween,true,true,retain and index,,,true,direct filename/title evidence: 100.0% of members contain a route-subject token,2026-07-18,true,true,true
hub_hedgehogs,/coloring-pages/hedgehogs,true,true,retain and index,,,true,weak filename/title evidence: 6.7% of members contain a route-subject token,2026-07-18,true,true,true
hub_hippos,/coloring-pages/hippos,true,true,retain and index,,,true,weak filename/title evidence: 6.3% of members contain a route-subject token,2026-07-18,true,true,true
hub_holidays,/coloring-pages/holidays,true,true,retain and index,,,true,weak filename/title evidence: 0.0% of members contain a route-subject token,2026-07-18,true,true,true
hub_horses,/coloring-pages/horses,true,true,retain and index,,,true,weak filename/title evidence: 12.5% of members contain a route-subject token,2026-07-18,true,true,true
hub_houses,/coloring-pages/houses,true,true,retain and index,,,true,weak filename/title evidence: 1.9% of members contain a route-subject token,2026-07-18,true,true,true
hub_hydras,/coloring-pages/hydras,true,true,retain and index,,,true,weak filename/title evidence: 0.0% of members contain a route-subject token,2026-07-18,true,true,true
hub_indoor_plants,/coloring-pages/indoor-plants,true,true,retain and index,,,true,direct filename/title evidence: 100.0% of members contain a route-subject token,2026-07-18,true,true,true
hub_insects,/coloring-pages/insects,true,true,retain and index,,,true,direct filename/title evidence: 77.1% of members contain a route-subject token,2026-07-18,true,true,true
hub_kawaii,/coloring-pages/kawaii,true,true,retain and index,,,true,direct filename/title evidence: 100.0% of members contain a route-subject token,2026-07-18,true,true,true
hub_knights,/coloring-pages/knights,true,true,retain and index,,,true,weak filename/title evidence: 7.7% of members contain a route-subject token,2026-07-18,true,true,true
hub_koalas,/coloring-pages/koalas,true,true,retain and index,,,true,weak filename/title evidence: 4.5% of members contain a route-subject token,2026-07-18,true,true,true
hub_lions,/coloring-pages/lions,true,true,retain and index,,,true,weak filename/title evidence: 18.8% of members contain a route-subject token,2026-07-18,true,true,true
hub_lizards,/coloring-pages/lizards,true,true,retain and index,,,true,weak filename/title evidence: 3.1% of members contain a route-subject token,2026-07-18,true,true,true
hub_llamas,/coloring-pages/llamas,true,true,retain and index,,,true,weak filename/title evidence: 6.7% of members contain a route-subject token,2026-07-18,true,true,true
hub_mammoths,/coloring-pages/mammoths,true,true,retain and index,,,true,weak filename/title evidence: 0.0% of members contain a route-subject token,2026-07-18,true,true,true
hub_mandalas,/coloring-pages/mandalas,true,true,retain and index,,,true,"Corrected membership now represents a distinct, evidence-backed browsing intent.",2026-07-18,true,true,true
hub_medieval_fantasy,/coloring-pages/medieval-fantasy,true,true,retain and index,,,true,direct filename/title evidence: 100.0% of members contain a route-subject token,2026-07-18,true,true,true
hub_megalodon,/coloring-pages/megalodon,true,true,retain and index,,,true,direct filename/title evidence: 100.0% of members contain a route-subject token,2026-07-18,true,true,true
hub_mermaids,/coloring-pages/mermaids,true,true,retain and index,,,true,weak filename/title evidence: 0.0% of members contain a route-subject token,2026-07-18,true,true,true
hub_monkeys,/coloring-pages/monkeys,true,true,retain and index,,,true,weak filename/title evidence: 7.1% of members contain a route-subject token,2026-07-18,true,true,true
hub_moose,/coloring-pages/moose,true,true,retain and index,,,true,direct filename/title evidence: 100.0% of members contain a route-subject token,2026-07-18,true,true,true
hub_mushrooms,/coloring-pages/mushrooms,true,true,retain and index,,,true,weak filename/title evidence: 2.8% of members contain a route-subject token,2026-07-18,true,true,true
hub_mythology,/coloring-pages/mythology,true,true,retain and index,,,true,direct filename/title evidence: 100.0% of members contain a route-subject token,2026-07-18,true,true,true
hub_ocean,/coloring-pages/ocean,true,true,retain and index,,,true,weak filename/title evidence: 6.5% of members contain a route-subject token,2026-07-18,true,true,true
hub_octopus,/coloring-pages/octopus,true,true,retain and index,,,true,direct filename/title evidence: 100.0% of members contain a route-subject token,2026-07-18,true,true,true
hub_otters,/coloring-pages/otters,true,true,retain and index,,,true,weak filename/title evidence: 0.0% of members contain a route-subject token,2026-07-18,true,true,true
hub_owls,/coloring-pages/owls,true,true,retain and index,,,true,weak filename/title evidence: 10.7% of members contain a route-subject token,2026-07-18,true,true,true
hub_pandas,/coloring-pages/pandas,true,true,retain and index,,,true,weak filename/title evidence: 6.7% of members contain a route-subject token,2026-07-18,true,true,true
hub_pegasus,/coloring-pages/pegasus,true,true,retain and index,,,true,direct filename/title evidence: 100.0% of members contain a route-subject token,2026-07-18,true,true,true
hub_penguins,/coloring-pages/penguins,true,true,retain and index,,,true,weak filename/title evidence: 15.0% of members contain a route-subject token,2026-07-18,true,true,true
hub_phoenix,/coloring-pages/phoenix,true,true,retain and index,,,true,direct filename/title evidence: 100.0% of members contain a route-subject token,2026-07-18,true,true,true
hub_planes,/coloring-pages/planes,true,true,retain and index,,,true,direct filename/title evidence: 100.0% of members contain a route-subject token,2026-07-18,true,true,true
hub_plants,/coloring-pages/plants,true,true,retain and index,,,true,weak filename/title evidence: 21.8% of members contain a route-subject token,2026-07-18,true,true,true
hub_playing_cards,/coloring-pages/playing-cards,true,true,retain and index,,,true,direct filename/title evidence: 100.0% of members contain a route-subject token,2026-07-18,true,true,true
hub_plushie_animals,/coloring-pages/plushie-animals,true,true,retain and index,,,true,direct filename/title evidence: 100.0% of members contain a route-subject token,2026-07-18,true,true,true
hub_plushie_cats,/coloring-pages/plushie-cats,true,true,retain and index,,,true,direct filename/title evidence: 100.0% of members contain a route-subject token,2026-07-18,true,true,true
hub_plushie_dogs,/coloring-pages/plushie-dogs,true,true,retain and index,,,true,direct filename/title evidence: 100.0% of members contain a route-subject token,2026-07-18,true,true,true
hub_plushie_dragons,/coloring-pages/plushie-dragons,true,true,retain and index,,,true,direct filename/title evidence: 100.0% of members contain a route-subject token,2026-07-18,true,true,true
hub_plushie_triceratops,/coloring-pages/plushie-triceratops,true,true,retain and index,,,true,direct filename/title evidence: 100.0% of members contain a route-subject token,2026-07-18,true,true,true
hub_plushie_unicorns,/coloring-pages/plushie-unicorns,true,true,retain and index,,,true,direct filename/title evidence: 100.0% of members contain a route-subject token,2026-07-18,true,true,true
hub_plushie_whales,/coloring-pages/plushie-whales,true,true,retain and index,,,true,direct filename/title evidence: 100.0% of members contain a route-subject token,2026-07-18,true,true,true
hub_plushies,/coloring-pages/plushies,true,true,retain and index,,,true,weak filename/title evidence: 9.3% of members contain a route-subject token,2026-07-18,true,true,true
hub_prehistoric_animals,/coloring-pages/prehistoric-animals,true,true,retain and index,,,true,"The broader hub adds 31 extinct-animal records, including mammoths and saber-toothed tigers.",2026-07-18,true,true,true
hub_pumpkins,/coloring-pages/pumpkins,true,true,retain and index,,,true,weak filename/title evidence: 21.7% of members contain a route-subject token,2026-07-18,true,true,true
hub_rabbits,/coloring-pages/rabbits,true,true,retain and index,,,true,weak filename/title evidence: 13.6% of members contain a route-subject token,2026-07-18,true,true,true
hub_reindeer,/coloring-pages/reindeer,true,true,retain and index,,,true,direct filename/title evidence: 100.0% of members contain a route-subject token,2026-07-18,true,true,true
hub_reptiles,/coloring-pages/reptiles,true,true,retain and index,,,true,direct filename/title evidence: 62.8% of members contain a route-subject token,2026-07-18,true,true,true
hub_robots,/coloring-pages/robots,true,true,retain and index,,,true,All nine records have direct robot subject evidence.,2026-07-18,true,true,true
hub_roses,/coloring-pages/roses,true,true,retain and index,,,true,"All nine records have direct rose subject evidence, including stylized and origami forms.",2026-07-18,true,true,true
hub_santa,/coloring-pages/santa,true,true,retain and index,,,true,direct filename/title evidence: 100.0% of members contain a route-subject token,2026-07-18,true,true,true
hub_sea_life,/coloring-pages/sea-life,true,true,retain and index,,,true,direct filename/title evidence: 61.9% of members contain a route-subject token,2026-07-18,true,true,true
hub_sharks,/coloring-pages/sharks,true,true,retain and index,,,true,weak filename/title evidence: 0.0% of members contain a route-subject token,2026-07-18,true,true,true
hub_sheep,/coloring-pages/sheep,true,true,retain and index,,,true,direct filename/title evidence: 100.0% of members contain a route-subject token,2026-07-18,true,true,true
hub_sloths,/coloring-pages/sloths,true,true,retain and index,,,true,weak filename/title evidence: 7.1% of members contain a route-subject token,2026-07-18,true,true,true
hub_snakes,/coloring-pages/snakes,true,true,retain and index,,,true,weak filename/title evidence: 11.1% of members contain a route-subject token,2026-07-18,true,true,true
hub_spiders,/coloring-pages/spiders,true,true,retain and index,,,true,weak filename/title evidence: 3.6% of members contain a route-subject token,2026-07-18,true,true,true
hub_st_patricks_day,/coloring-pages/st-patricks-day,true,true,retain and index,,,true,direct filename/title evidence: 100.0% of members contain a route-subject token,2026-07-18,true,true,true
hub_stegosaurus,/coloring-pages/stegosaurus,true,true,retain and index,,,true,direct filename/title evidence: 100.0% of members contain a route-subject token,2026-07-18,true,true,true
hub_sushi,/coloring-pages/sushi,true,true,retain and index,,,true,direct filename/title evidence: 100.0% of members contain a route-subject token,2026-07-18,true,true,true
hub_t_rex,/coloring-pages/t-rex,true,true,retain and index,,,true,direct filename/title evidence: 100.0% of members contain a route-subject token,2026-07-18,true,true,true
hub_tigers,/coloring-pages/tigers,true,true,retain and index,,,true,weak filename/title evidence: 4.7% of members contain a route-subject token,2026-07-18,true,true,true
hub_trains,/coloring-pages/trains,true,true,retain and index,,,true,direct filename/title evidence: 97.1% of members contain a route-subject token,2026-07-18,true,true,true
hub_trees,/coloring-pages/trees,true,true,retain and index,,,true,weak filename/title evidence: 2.6% of members contain a route-subject token,2026-07-18,true,true,true
hub_triceratops,/coloring-pages/triceratops,true,true,retain and index,,,true,direct filename/title evidence: 100.0% of members contain a route-subject token,2026-07-18,true,true,true
hub_turtles,/coloring-pages/turtles,true,true,retain and index,,,true,weak filename/title evidence: 4.5% of members contain a route-subject token,2026-07-18,true,true,true
hub_unicorns,/coloring-pages/unicorns,true,true,retain and index,,,true,weak filename/title evidence: 5.3% of members contain a route-subject token,2026-07-18,true,true,true
hub_vehicles,/coloring-pages/vehicles,true,true,retain and index,,,true,weak filename/title evidence: 0.0% of members contain a route-subject token,2026-07-18,true,true,true
hub_velociraptors,/coloring-pages/velociraptors,true,true,retain and index,,,true,weak filename/title evidence: 4.5% of members contain a route-subject token,2026-07-18,true,true,true
hub_whales,/coloring-pages/whales,true,true,retain and index,,,true,weak filename/title evidence: 2.5% of members contain a route-subject token,2026-07-18,true,true,true
hub_witches,/coloring-pages/witches,true,true,retain and index,,,true,weak filename/title evidence: 6.3% of members contain a route-subject token,2026-07-18,true,true,true
hub_wizards,/coloring-pages/wizards,true,true,retain and index,,,true,weak filename/title evidence: 0.0% of members contain a route-subject token,2026-07-18,true,true,true
hub_wolves,/coloring-pages/wolves,true,true,retain and index,,,true,weak filename/title evidence: 4.4% of members contain a route-subject token,2026-07-18,true,true,true
hub_world_landmarks,/coloring-pages/world-landmarks,true,true,retain and index,,,true,direct filename/title evidence: 100.0% of members contain a route-subject token,2026-07-18,true,true,true
hub_wyverns,/coloring-pages/wyverns,true,true,retain and index,,,true,weak filename/title evidence: 0.0% of members contain a route-subject token,2026-07-18,true,true,true
hub_zebras,/coloring-pages/zebras,true,true,retain and index,,,true,weak filename/title evidence: 5.3% of members contain a route-subject token,2026-07-18,true,true,true
hub_dodo,/coloring-pages/dodo,true,true,retain and index,,,true,direct filename/title evidence: 100.0% of members contain a route-subject token,2026-07-18,true,true,true
hub_bamboo,/coloring-pages/bamboo,true,true,retain and index,,,true,direct filename/title evidence: 100.0% of members contain a route-subject token,2026-07-18,true,true,true
hub_steam_train,/coloring-pages/steam-train,true,true,retain and index,,,true,direct filename/title evidence: 100.0% of members contain a route-subject token,2026-07-18,true,true,true
hub_birthday_celebration,/coloring-pages/birthday-celebration,false,false,retain publicly but noindex,hub_birthday,,false,"All 190 records already belong to Birthday; the variant contributes no unique printable and remains available as a crawlable, self-canonical public URL.",2026-07-18,true,false,false
hub_christmas_plushie,/coloring-pages/christmas-plushie,true,true,retain and index,,,true,direct filename/title evidence: 100.0% of members contain a route-subject token,2026-07-18,true,true,true
hub_halloween_costume,/coloring-pages/halloween-costume,true,true,retain and index,,,true,direct filename/title evidence: 100.0% of members contain a route-subject token,2026-07-18,true,true,true
hub_summoning,/coloring-pages/summoning,true,true,retain and index,,,true,direct filename/title evidence: 100.0% of members contain a route-subject token,2026-07-18,true,true,true
hub_terrier,/coloring-pages/terrier,true,true,retain and index,,,true,direct filename/title evidence: 100.0% of members contain a route-subject token,2026-07-18,true,true,true
hub_woolly_mammoth,/coloring-pages/woolly-mammoth,false,false,retain publicly but noindex,hub_mammoths,,false,"All 19 records already belong to Mammoths; the singular variant contributes no unique printable and remains available as a crawlable, self-canonical public URL.",2026-07-18,true,false,false
hub_saber_toothed_tiger,/coloring-pages/saber-toothed-tiger,true,true,retain and index,,,true,direct filename/title evidence: 100.0% of members contain a route-subject token,2026-07-18,true,true,true
hub_magic,/coloring-pages/magic,true,true,retain and index,,,true,direct filename/title evidence: 100.0% of members contain a route-subject token,2026-07-18,true,true,true
hub_ankylosaurus,/coloring-pages/ankylosaurus,true,true,retain and index,,,true,direct filename/title evidence: 100.0% of members contain a route-subject token,2026-07-18,true,true,true
hub_trick_or_treat,/coloring-pages/trick-or-treat,true,true,retain and index,,,true,direct filename/title evidence: 100.0% of members contain a route-subject token,2026-07-18,true,true,true
hub_lily,/coloring-pages/lily,true,true,retain and index,,,true,direct filename/title evidence: 100.0% of members contain a route-subject token,2026-07-18,true,true,true
hub_forget_me_not,/coloring-pages/forget-me-not,true,true,retain and index,,,true,direct filename/title evidence: 100.0% of members contain a route-subject token,2026-07-18,true,true,true
hub_mosasaurus,/coloring-pages/mosasaurus,true,true,retain and index,,,true,direct filename/title evidence: 100.0% of members contain a route-subject token,2026-07-18,true,true,true
hub_plesiosaurus,/coloring-pages/plesiosaurus,true,true,retain and index,,,true,direct filename/title evidence: 100.0% of members contain a route-subject token,2026-07-18,true,true,true
hub_pterodactyl,/coloring-pages/pterodactyl,true,true,retain and index,,,true,direct filename/title evidence: 100.0% of members contain a route-subject token,2026-07-18,true,true,true
hub_iguanodon,/coloring-pages/iguanodon,true,true,retain and index,,,true,direct filename/title evidence: 100.0% of members contain a route-subject token,2026-07-18,true,true,true
hub_bulldog,/coloring-pages/bulldog,true,true,retain and index,,,true,direct filename/title evidence: 100.0% of members contain a route-subject token,2026-07-18,true,true,true
hub_collie,/coloring-pages/collie,true,true,retain and index,,,true,direct filename/title evidence: 100.0% of members contain a route-subject token,2026-07-18,true,true,true
hub_cookie,/coloring-pages/cookie,true,true,retain and index,,,true,direct filename/title evidence: 100.0% of members contain a route-subject token,2026-07-18,true,true,true
hub_daisy,/coloring-pages/daisy,true,true,retain and index,,,true,direct filename/title evidence: 100.0% of members contain a route-subject token,2026-07-18,true,true,true
hub_pteranodon,/coloring-pages/pteranodon,true,true,retain and index,,,true,direct filename/title evidence: 100.0% of members contain a route-subject token,2026-07-18,true,true,true
hub_nigiri,/coloring-pages/nigiri,true,true,retain and index,,,true,direct filename/title evidence: 100.0% of members contain a route-subject token,2026-07-18,true,true,true
hub_orchid,/coloring-pages/orchid,true,true,retain and index,,,true,direct filename/title evidence: 100.0% of members contain a route-subject token,2026-07-18,true,true,true
hub_poppy,/coloring-pages/poppy,true,true,retain and index,,,true,direct filename/title evidence: 100.0% of members contain a route-subject token,2026-07-18,true,true,true
hub_lotus,/coloring-pages/lotus,true,true,retain and index,,,true,direct filename/title evidence: 100.0% of members contain a route-subject token,2026-07-18,true,true,true
hub_palm,/coloring-pages/palm,true,true,retain and index,,,true,direct filename/title evidence: 100.0% of members contain a route-subject token,2026-07-18,true,true,true
hub_leprechaun,/coloring-pages/leprechaun,true,true,retain and index,,,true,direct filename/title evidence: 100.0% of members contain a route-subject token,2026-07-18,true,true,true
hub_salmon,/coloring-pages/salmon,true,true,retain and index,,,true,direct filename/title evidence: 100.0% of members contain a route-subject token,2026-07-18,true,true,true
hub_gingerbread,/coloring-pages/gingerbread,true,true,retain and index,,,true,direct filename/title evidence: 100.0% of members contain a route-subject token,2026-07-18,true,true,true
