gate_identifier,status,category,exact_failure_or_resolution,affected_route_file_config_or_external_service,evidence,required_for_technical_deployment,required_for_trust_readiness,required_for_adsense_review,required_for_live_advertising,requires_owner_input,qualified_legal_review_recommended,requires_secure_account_configuration,requires_external_account_action,ads_off_initial_deployment_can_proceed,consequence_if_unresolved,exact_verification_method
"owner.operator_identity","resolved","B; C","I Love Coloring Page is approved as the site-name-only operator display; no person or business entity is named.","src/config/siteIdentity.ts; About; Privacy; Terms","Operator display and basis are recorded and exported.","No.","Resolved for current scope.","Resolved for current identity disclosure scope.","Resolved for identity scope.","No further current input.","No approval claimed.","No.","No.","Yes.","Not applicable.","Inspect source/export for exact display and absence of person or entity claims."
"owner.mailing_address","resolved","B; C","Owner approved omission of a mailing address.","src/config/siteIdentity.ts; Privacy; Terms; Contact","publicMailingAddress is null and omission decision is recorded.","No.","Resolved for current scope.","Resolved subject to later account/legal requirements.","Subject to later reviewed requirements.","No further current input.","No approval claimed.","No.","No.","Yes.","Not applicable.","Inspect source/export for no address or placeholder."
"owner.governing_law","open","C; D","Governing law, venue, and dispute terms are deferred and have no qualified approval.","Terms; src/config/siteIdentity.ts","governingRegion is null and public text omits a clause.","No.","Yes.","Yes.","Potentially.","Yes, after review.","Yes.","No.","No.","Technically yes, but not trust-ready.","Final Terms and trust readiness remain blocked.","Provide a reviewed clause or reviewed omission, then inspect source/export."
"legal.audience_treatment","open","C; D","No reviewed audience or advertising-age treatment exists.","Privacy; For Kids hub; future consent and ad settings","Audience is deferred; no age is requested or inferred; ads are OFF.","No.","Yes.","Yes.","Yes.","Yes.","Yes.","Later, if ads are pursued.","Later, in provider UI.","Technically yes, but not trust-ready.","Trust, AdSense, consent, age treatment, and LIVE ads remain blocked.","Compare reviewed decision with public behavior and provider settings."
"legal.policy_approval","open","C; D","Privacy and Terms have interim owner corrections but no qualified final approval; rights basis is unverified and no public-use license exists.","Privacy; Terms; removal disclosures; actual behavior","Qualified review flags remain false.","No.","Yes.","Yes.","Yes.","Yes.","Yes.","No.","No.","Technically yes, but not trust-ready.","Site is not trust-ready and cannot be resubmitted for AdSense.","Diff reviewed text and verify exported pages against browser and network behavior."
"legal.trademark_policy","open","C; D","Owner-approved case-by-case policy lacks qualified review.","Editorial Policy; record-specific title review","Policy decision exists; qualified-review flag is false.","No.","Yes.","Yes.","Yes for content-policy readiness.","Yes, for review outcome.","Yes.","No.","No.","Technically yes, but not trust-ready.","Content-policy and AdSense readiness remain blocked; no bulk rewrite is authorized.","Qualified review plus record-specific samples under approved criteria."
"ads.account_configuration","open","B; C; E; F","AdSense is reported needs-action; site verification, publisher identity, ads.txt, Auto Ads, and placement are unverified or deferred.","Authenticated AdSense UI; future ad config; ads.txt","Ads OFF; ads.txt absent; publisher readiness false; no script or slots.","No while OFF.","No for a non-ad technical build.","Yes.","Yes.","Yes.","Not inherently for account identifiers.","Yes.","Yes.","Yes with ads OFF and ads.txt absent.","AdSense resubmission and LIVE ads remain blocked.","Confirm in provider UI without credentials; verify exact public config only after separate approval."
"ads.consent_and_age_configuration","open","C; D; E; F","Personalization, regions, CMP, consent, and ad age treatment are undecided.","Privacy; future consent code; provider privacy settings","CMP and age flags false; ads and analytics inactive.","No while OFF.","No for a non-ad technical build.","Yes.","Yes.","Yes.","Yes.","Yes.","Yes.","Yes with ads OFF.","AdSense readiness and LIVE ads remain blocked.","Review provider settings and later test consent, storage, network, and policy behavior."
"external.production_validation","open","F","Netlify workflow, rollback, deployed SHA, Search Console state, and live revision consistency are unknown.","Netlify; Cloudflare; production host; Search Console; later AdSense review","Live revision route is 404; local branch is six commits ahead; account facts deferred.","Required to declare deployment successful.","Required to declare public release complete.","Yes.","Yes.","Yes, for workflow confirmations.","No.","Only inside provider interfaces.","Yes.","Performed only after approved deployment.","Deployment is blocked and no production-success claim is possible.","Confirm account workflow, then after authorization verify revision, cache, browser, crawl, and account state."
