hub_id,route,title,tier,indexability,inventory_count,parent_route,review_status
hub_coloring_pages,/coloring-pages,Coloring Pages,A,index,6352,,reviewed
hub_animals,/coloring-pages/animals,Animals Coloring Pages,A,index,1450,/coloring-pages,reviewed
hub_anime_girls,/coloring-pages/anime-girls,Anime Girls Coloring Pages,A,index,905,/coloring-pages,reviewed
hub_bakery,/coloring-pages/bakery,Bakery Coloring Pages,B,index,93,/coloring-pages/food,reviewed
hub_bats,/coloring-pages/bats,Bats Coloring Pages,B,index,27,/coloring-pages/animals,reviewed
hub_bears,/coloring-pages/bears,Bears Coloring Pages,B,index,60,/coloring-pages/animals,reviewed
hub_bees,/coloring-pages/bees,Bees Coloring Pages,B,index,15,/coloring-pages/insects,reviewed
hub_beetles,/coloring-pages/beetles,Beetles Coloring Pages,B,index,25,/coloring-pages/insects,reviewed
hub_birds,/coloring-pages/birds,Birds Coloring Pages,B,index,188,/coloring-pages/animals,reviewed
hub_birthday,/coloring-pages/birthday,Birthday Coloring Pages,B,index,211,/coloring-pages/holidays,reviewed
hub_brachiosaurus,/coloring-pages/brachiosaurus,Brachiosaurus Coloring Pages,B,index,15,/coloring-pages/dinosaurs,reviewed
hub_bridges,/coloring-pages/bridges,Bridges Coloring Pages,B,index,23,/coloring-pages/buildings,reviewed
hub_buildings,/coloring-pages/buildings,Buildings Coloring Pages,A,index,156,/coloring-pages,reviewed
hub_butterflies,/coloring-pages/butterflies,Butterflies Coloring Pages,B,index,26,/coloring-pages/insects,reviewed
hub_cakes,/coloring-pages/cakes,Cakes Coloring Pages,B,index,21,/coloring-pages/food,reviewed
hub_cars,/coloring-pages/cars,Cars Coloring Pages,B,index,193,/coloring-pages/vehicles,reviewed
hub_castles,/coloring-pages/castles,Castles Coloring Pages,B,index,25,/coloring-pages/buildings,reviewed
hub_cats,/coloring-pages/cats,Cats Coloring Pages,B,index,55,/coloring-pages/animals,reviewed
hub_chess,/coloring-pages/chess,Chess Coloring Pages,B,index,23,/coloring-pages/playing-cards,reviewed
hub_chibi,/coloring-pages/chibi,Chibi Coloring Pages,B,index,908,/coloring-pages/easy,reviewed
hub_chibi_dogs,/coloring-pages/chibi-dogs,Chibi Dogs Coloring Pages,B,index,79,/coloring-pages/animals,reviewed
hub_chibi_flowers,/coloring-pages/chibi-flowers,Chibi Flowers Coloring Pages,B,index,152,/coloring-pages/plants,reviewed
hub_christmas,/coloring-pages/christmas,Christmas Coloring Pages,B,index,332,/coloring-pages/holidays,reviewed
hub_christmas_dogs,/coloring-pages/christmas-dogs,Christmas Dogs Coloring Pages,B,index,36,/coloring-pages/animals,reviewed
hub_cows,/coloring-pages/cows,Cows Coloring Pages,B,index,14,/coloring-pages/animals,reviewed
hub_crabs,/coloring-pages/crabs,Crabs Coloring Pages,B,index,21,/coloring-pages/sea-life,reviewed
hub_cute,/coloring-pages/cute,Cute Coloring Pages,B,index,375,/coloring-pages/easy,reviewed
hub_deer,/coloring-pages/deer,Deer Coloring Pages,B,index,15,/coloring-pages/animals,reviewed
hub_detailed_for_adults,/coloring-pages/detailed-for-adults,Detailed Coloring Pages for Adults,A,index,1459,/coloring-pages,reviewed
hub_dinosaurs,/coloring-pages/dinosaurs,Dinosaurs Coloring Pages,A,index,189,/coloring-pages/prehistoric-animals,reviewed
hub_diplodocus,/coloring-pages/diplodocus,Diplodocus Coloring Pages,B,index,16,/coloring-pages/dinosaurs,reviewed
hub_dogs,/coloring-pages/dogs,Dogs Coloring Pages,B,index,284,/coloring-pages/animals,reviewed
hub_dolphins,/coloring-pages/dolphins,Dolphins Coloring Pages,B,index,14,/coloring-pages/sea-life,reviewed
hub_dragons,/coloring-pages/dragons,Dragons Coloring Pages,B,index,259,/coloring-pages/fantasy,reviewed
hub_ducks,/coloring-pages/ducks,Ducks Coloring Pages,B,index,19,/coloring-pages/birds,reviewed
hub_dungeon,/coloring-pages/dungeon,Dungeon Coloring Pages,B,index,99,/coloring-pages,reviewed
hub_eagles,/coloring-pages/eagles,Eagles Coloring Pages,B,index,22,/coloring-pages/birds,reviewed
hub_easy,/coloring-pages/easy,Easy Coloring Pages,D,noindex,1300,/coloring-pages/for-kids,consolidated
hub_elephants,/coloring-pages/elephants,Elephants Coloring Pages,B,index,17,/coloring-pages/animals,reviewed
hub_fairies,/coloring-pages/fairies,Fairies Coloring Pages,B,index,37,/coloring-pages/fantasy-creatures,reviewed
hub_fantasy,/coloring-pages/fantasy,Fantasy Coloring Pages,A,index,1265,/coloring-pages,reviewed
hub_fantasy_creatures,/coloring-pages/fantasy-creatures,Fantasy Creatures Coloring Pages,B,index,531,/coloring-pages/fantasy,reviewed
hub_fantasy_dragons,/coloring-pages/fantasy-dragons,Fantasy Dragons Coloring Pages,B,index,49,/coloring-pages/fantasy-creatures,reviewed
hub_fish,/coloring-pages/fish,Fish Coloring Pages,B,index,16,/coloring-pages/sea-life,reviewed
hub_flowers,/coloring-pages/flowers,Flowers Coloring Pages,A,index,346,/coloring-pages/plants,reviewed
hub_food,/coloring-pages/food,Food Coloring Pages,A,index,261,/coloring-pages,reviewed
hub_for_kids,/coloring-pages/for-kids,Coloring Pages for Kids,A,index,1335,/coloring-pages,reviewed
hub_forest,/coloring-pages/forest,Forest Coloring Pages,B,index,72,/coloring-pages,reviewed
hub_foxes,/coloring-pages/foxes,Foxes Coloring Pages,B,index,40,/coloring-pages/animals,reviewed
hub_garden,/coloring-pages/garden,Garden Coloring Pages,B,index,195,/coloring-pages,reviewed
hub_garden_flowers,/coloring-pages/garden-flowers,Garden Flowers Coloring Pages,B,index,95,/coloring-pages/plants,reviewed
hub_geometric,/coloring-pages/geometric,Geometric Coloring Pages,B,index,55,/coloring-pages/detailed-for-adults,reviewed
hub_geometric_dogs,/coloring-pages/geometric-dogs,Geometric Dogs Coloring Pages,B,index,85,/coloring-pages/animals,reviewed
hub_giraffes,/coloring-pages/giraffes,Giraffes Coloring Pages,B,index,19,/coloring-pages/animals,reviewed
hub_griffins,/coloring-pages/griffins,Griffins Coloring Pages,B,index,21,/coloring-pages/fantasy-creatures,reviewed
hub_halloween,/coloring-pages/halloween,Halloween Coloring Pages,B,index,305,/coloring-pages/holidays,reviewed
hub_hedgehogs,/coloring-pages/hedgehogs,Hedgehogs Coloring Pages,B,index,15,/coloring-pages/animals,reviewed
hub_hippos,/coloring-pages/hippos,Hippos Coloring Pages,B,index,16,/coloring-pages/animals,reviewed
hub_holidays,/coloring-pages/holidays,Holidays Coloring Pages,A,index,874,/coloring-pages,reviewed
hub_horses,/coloring-pages/horses,Horses Coloring Pages,B,index,16,/coloring-pages/animals,reviewed
hub_houses,/coloring-pages/houses,Houses Coloring Pages,B,index,54,/coloring-pages/buildings,reviewed
hub_hydras,/coloring-pages/hydras,Hydras Coloring Pages,B,index,15,/coloring-pages/fantasy,reviewed
hub_indoor_plants,/coloring-pages/indoor-plants,Indoor Plants Coloring Pages,B,index,128,/coloring-pages/plants,reviewed
hub_insects,/coloring-pages/insects,Insects Coloring Pages,B,index,179,/coloring-pages/animals,reviewed
hub_kawaii,/coloring-pages/kawaii,Kawaii Coloring Pages,B,index,88,/coloring-pages/easy,reviewed
hub_knights,/coloring-pages/knights,Knights Coloring Pages,B,index,39,/coloring-pages/medieval-fantasy,reviewed
hub_koalas,/coloring-pages/koalas,Koalas Coloring Pages,B,index,22,/coloring-pages/animals,reviewed
hub_lions,/coloring-pages/lions,Lions Coloring Pages,B,index,32,/coloring-pages/animals,reviewed
hub_lizards,/coloring-pages/lizards,Lizards Coloring Pages,B,index,32,/coloring-pages/reptiles,reviewed
hub_llamas,/coloring-pages/llamas,Llamas Coloring Pages,B,index,15,/coloring-pages/animals,reviewed
hub_mammoths,/coloring-pages/mammoths,Mammoths Coloring Pages,B,index,20,/coloring-pages/prehistoric-animals,reviewed
hub_mandalas,/coloring-pages/mandalas,Mandalas Coloring Pages,B,index,23,/coloring-pages/detailed-for-adults,reviewed
hub_medieval_fantasy,/coloring-pages/medieval-fantasy,Medieval Fantasy Coloring Pages,B,index,194,/coloring-pages/fantasy,reviewed
hub_megalodon,/coloring-pages/megalodon,Megalodon Coloring Pages,B,index,16,/coloring-pages/prehistoric-animals,reviewed
hub_mermaids,/coloring-pages/mermaids,Mermaids Coloring Pages,B,index,26,/coloring-pages/fantasy-creatures,reviewed
hub_monkeys,/coloring-pages/monkeys,Monkeys Coloring Pages,B,index,14,/coloring-pages/animals,reviewed
hub_moose,/coloring-pages/moose,Moose Coloring Pages,B,index,18,/coloring-pages/animals,reviewed
hub_mushrooms,/coloring-pages/mushrooms,Mushrooms Coloring Pages,B,index,218,/coloring-pages/plants,reviewed
hub_mythology,/coloring-pages/mythology,Mythology Coloring Pages,B,index,227,/coloring-pages/fantasy,reviewed
hub_ocean,/coloring-pages/ocean,Ocean Coloring Pages,B,index,154,/coloring-pages,reviewed
hub_octopus,/coloring-pages/octopus,Octopus Coloring Pages,B,index,20,/coloring-pages/sea-life,reviewed
hub_otters,/coloring-pages/otters,Otters Coloring Pages,B,index,21,/coloring-pages/animals,reviewed
hub_owls,/coloring-pages/owls,Owls Coloring Pages,B,index,28,/coloring-pages/birds,reviewed
hub_pandas,/coloring-pages/pandas,Pandas Coloring Pages,B,index,30,/coloring-pages/animals,reviewed
hub_pegasus,/coloring-pages/pegasus,Pegasus Coloring Pages,B,index,29,/coloring-pages/fantasy-creatures,reviewed
hub_penguins,/coloring-pages/penguins,Penguins Coloring Pages,B,index,20,/coloring-pages/birds,reviewed
hub_phoenix,/coloring-pages/phoenix,Phoenix Coloring Pages,B,index,18,/coloring-pages/fantasy,reviewed
hub_planes,/coloring-pages/planes,Planes Coloring Pages,B,index,92,/coloring-pages/vehicles,reviewed
hub_plants,/coloring-pages/plants,Plants Coloring Pages,A,index,586,/coloring-pages,reviewed
hub_playing_cards,/coloring-pages/playing-cards,Playing Cards Coloring Pages,B,index,12,/coloring-pages,reviewed
hub_plushie_animals,/coloring-pages/plushie-animals,Plushie Animals Coloring Pages,B,index,105,/coloring-pages/animals,reviewed
hub_plushie_cats,/coloring-pages/plushie-cats,Plushie Cats Coloring Pages,B,index,21,/coloring-pages/animals,reviewed
hub_plushie_dogs,/coloring-pages/plushie-dogs,Plushie Dogs Coloring Pages,B,index,12,/coloring-pages/animals,reviewed
hub_plushie_dragons,/coloring-pages/plushie-dragons,Plushie Dragons Coloring Pages,B,index,75,/coloring-pages/fantasy-creatures,reviewed
hub_plushie_triceratops,/coloring-pages/plushie-triceratops,Plushie Triceratops Coloring Pages,B,index,13,/coloring-pages/dinosaurs,reviewed
hub_plushie_unicorns,/coloring-pages/plushie-unicorns,Plushie Unicorns Coloring Pages,B,index,14,/coloring-pages/fantasy,reviewed
hub_plushie_whales,/coloring-pages/plushie-whales,Plushie Whales Coloring Pages,B,index,27,/coloring-pages/sea-life,reviewed
hub_plushies,/coloring-pages/plushies,Plushies Coloring Pages,A,index,1704,/coloring-pages,reviewed
hub_prehistoric_animals,/coloring-pages/prehistoric-animals,Prehistoric Animals Coloring Pages,A,index,220,/coloring-pages/animals,reviewed
hub_pumpkins,/coloring-pages/pumpkins,Pumpkins Coloring Pages,B,index,23,/coloring-pages/halloween,reviewed
hub_rabbits,/coloring-pages/rabbits,Rabbits Coloring Pages,B,index,22,/coloring-pages/animals,reviewed
hub_reindeer,/coloring-pages/reindeer,Reindeer Coloring Pages,B,index,15,/coloring-pages/christmas,reviewed
hub_reptiles,/coloring-pages/reptiles,Reptiles Coloring Pages,B,index,156,/coloring-pages/animals,reviewed
hub_robots,/coloring-pages/robots,Robots Coloring Pages,C,index,9,/coloring-pages/fantasy,reviewed
hub_roses,/coloring-pages/roses,Roses Coloring Pages,C,index,9,/coloring-pages/flowers,reviewed
hub_santa,/coloring-pages/santa,Santa Coloring Pages,C,index,10,/coloring-pages/christmas,reviewed
hub_sea_life,/coloring-pages/sea-life,Sea Life Coloring Pages,A,index,236,/coloring-pages/animals,reviewed
hub_sharks,/coloring-pages/sharks,Sharks Coloring Pages,B,index,19,/coloring-pages/sea-life,reviewed
hub_sheep,/coloring-pages/sheep,Sheep Coloring Pages,B,index,14,/coloring-pages/animals,reviewed
hub_sloths,/coloring-pages/sloths,Sloths Coloring Pages,B,index,28,/coloring-pages/animals,reviewed
hub_snakes,/coloring-pages/snakes,Snakes Coloring Pages,B,index,18,/coloring-pages/reptiles,reviewed
hub_spiders,/coloring-pages/spiders,Spiders Coloring Pages,B,index,28,/coloring-pages/insects,reviewed
hub_st_patricks_day,/coloring-pages/st-patricks-day,St. Patrick's Day Coloring Pages,B,index,20,/coloring-pages/holidays,reviewed
hub_stegosaurus,/coloring-pages/stegosaurus,Stegosaurus Coloring Pages,B,index,17,/coloring-pages/dinosaurs,reviewed
hub_sushi,/coloring-pages/sushi,Sushi Coloring Pages,B,index,161,/coloring-pages/food,reviewed
hub_t_rex,/coloring-pages/t-rex,T-Rex Coloring Pages,B,index,18,/coloring-pages/dinosaurs,reviewed
hub_tigers,/coloring-pages/tigers,Tigers Coloring Pages,B,index,43,/coloring-pages/animals,reviewed
hub_trains,/coloring-pages/trains,Trains Coloring Pages,B,index,102,/coloring-pages/vehicles,reviewed
hub_trees,/coloring-pages/trees,Trees Coloring Pages,B,index,38,/coloring-pages/plants,reviewed
hub_triceratops,/coloring-pages/triceratops,Triceratops Coloring Pages,B,index,22,/coloring-pages/dinosaurs,reviewed
hub_turtles,/coloring-pages/turtles,Turtles Coloring Pages,B,index,44,/coloring-pages/reptiles,reviewed
hub_unicorns,/coloring-pages/unicorns,Unicorns Coloring Pages,B,index,38,/coloring-pages/fantasy-creatures,reviewed
hub_vehicles,/coloring-pages/vehicles,Vehicles Coloring Pages,A,index,373,/coloring-pages,reviewed
hub_velociraptors,/coloring-pages/velociraptors,Velociraptors Coloring Pages,B,index,22,/coloring-pages/dinosaurs,reviewed
hub_whales,/coloring-pages/whales,Whales Coloring Pages,B,index,40,/coloring-pages/sea-life,reviewed
hub_witches,/coloring-pages/witches,Witches Coloring Pages,B,index,32,/coloring-pages/halloween,reviewed
hub_wizards,/coloring-pages/wizards,Wizards Coloring Pages,B,index,30,/coloring-pages/fantasy,reviewed
hub_wolves,/coloring-pages/wolves,Wolves Coloring Pages,B,index,45,/coloring-pages/animals,reviewed
hub_world_landmarks,/coloring-pages/world-landmarks,World Landmarks Coloring Pages,B,index,47,/coloring-pages/buildings,reviewed
hub_wyverns,/coloring-pages/wyverns,Wyverns Coloring Pages,B,index,15,/coloring-pages/fantasy,reviewed
hub_zebras,/coloring-pages/zebras,Zebras Coloring Pages,B,index,19,/coloring-pages/animals,reviewed
hub_dodo,/coloring-pages/dodo,Dodo Coloring Pages,C,index,11,/coloring-pages/animals,reviewed
hub_bamboo,/coloring-pages/bamboo,Bamboo Coloring Pages,C,index,7,/coloring-pages/indoor-plants,reviewed
hub_steam_train,/coloring-pages/steam-train,Steam Train Coloring Pages,B,index,15,/coloring-pages/trains,reviewed
hub_birthday_celebration,/coloring-pages/birthday-celebration,Birthday Celebration Coloring Pages,D,noindex,190,/coloring-pages/birthday,consolidated
hub_christmas_plushie,/coloring-pages/christmas-plushie,Christmas Plushies Coloring Pages,B,index,183,/coloring-pages/christmas,reviewed
hub_halloween_costume,/coloring-pages/halloween-costume,Halloween Costumes Coloring Pages,B,index,161,/coloring-pages/halloween,reviewed
hub_summoning,/coloring-pages/summoning,Summoning Coloring Pages,B,index,336,/coloring-pages/fantasy,reviewed
hub_terrier,/coloring-pages/terrier,Terrier Coloring Pages,B,index,29,/coloring-pages/dogs,reviewed
hub_woolly_mammoth,/coloring-pages/woolly-mammoth,Woolly Mammoth Coloring Pages,D,noindex,19,/coloring-pages/dinosaurs,consolidated
hub_saber_toothed_tiger,/coloring-pages/saber-toothed-tiger,Saber Toothed Tiger Coloring Pages,B,index,13,/coloring-pages/dinosaurs,reviewed
hub_magic,/coloring-pages/magic,Magic Coloring Pages,B,index,35,/coloring-pages/fantasy,reviewed
hub_ankylosaurus,/coloring-pages/ankylosaurus,Ankylosaurus Coloring Pages,C,index,11,/coloring-pages/dinosaurs,reviewed
hub_trick_or_treat,/coloring-pages/trick-or-treat,Trick or Treat Coloring Pages,C,index,11,/coloring-pages/halloween,reviewed
hub_lily,/coloring-pages/lily,Lily Coloring Pages,B,index,14,/coloring-pages/flowers,reviewed
hub_forget_me_not,/coloring-pages/forget-me-not,Forget-Me-Not Coloring Pages,C,index,6,/coloring-pages/flowers,reviewed
hub_mosasaurus,/coloring-pages/mosasaurus,Mosasaurus Coloring Pages,C,index,9,/coloring-pages/dinosaurs,reviewed
hub_plesiosaurus,/coloring-pages/plesiosaurus,Plesiosaurus Coloring Pages,C,index,9,/coloring-pages/dinosaurs,reviewed
hub_pterodactyl,/coloring-pages/pterodactyl,Pterodactyl Coloring Pages,C,index,9,/coloring-pages/dinosaurs,reviewed
hub_iguanodon,/coloring-pages/iguanodon,Iguanodon Coloring Pages,C,index,8,/coloring-pages/dinosaurs,reviewed
hub_bulldog,/coloring-pages/bulldog,Bulldog Coloring Pages,C,index,8,/coloring-pages/dogs,reviewed
hub_collie,/coloring-pages/collie,Collie Coloring Pages,C,index,8,/coloring-pages/dogs,reviewed
hub_cookie,/coloring-pages/cookie,Cookie Coloring Pages,B,index,17,/coloring-pages/bakery,reviewed
hub_daisy,/coloring-pages/daisy,Daisy Coloring Pages,C,index,10,/coloring-pages/flowers,reviewed
hub_pteranodon,/coloring-pages/pteranodon,Pteranodon Coloring Pages,C,index,6,/coloring-pages/dinosaurs,reviewed
hub_nigiri,/coloring-pages/nigiri,Nigiri Coloring Pages,B,index,16,/coloring-pages/sushi,reviewed
hub_orchid,/coloring-pages/orchid,Orchid Coloring Pages,C,index,9,/coloring-pages/flowers,reviewed
hub_poppy,/coloring-pages/poppy,Poppy Coloring Pages,C,index,7,/coloring-pages/flowers,reviewed
hub_lotus,/coloring-pages/lotus,Lotus Coloring Pages,C,index,6,/coloring-pages/flowers,reviewed
hub_palm,/coloring-pages/palm,Palm Coloring Pages,C,index,6,/coloring-pages/indoor-plants,reviewed
hub_leprechaun,/coloring-pages/leprechaun,Leprechaun Coloring Pages,C,index,9,/coloring-pages/holidays,reviewed
hub_salmon,/coloring-pages/salmon,Salmon Coloring Pages,C,index,11,/coloring-pages/sushi,reviewed
hub_gingerbread,/coloring-pages/gingerbread,Gingerbread Coloring Pages,C,index,10,/coloring-pages/bakery,reviewed
