asset_id,route,base_title,display_title,design_number,separator,metadata_title
anime-girls__anime-girl-ankylosaurus-hoodie-plushie__c819919e77,/printables/anime-girls/anime-girl-ankylosaurus-hoodie-plushie-c819919e77,Anime Girl Ankylosaurus Hoodie Plushie,Anime Girl Ankylosaurus Hoodie Plushie: Design 1,1,colon,Anime Girl Ankylosaurus Hoodie Plushie: Design 1 coloring page | Free Printable
anime-girls__anime-girl-ankylosaurus-hoodie-plushie__eb8de86d73,/printables/anime-girls/anime-girl-ankylosaurus-hoodie-plushie-eb8de86d73,Anime Girl Ankylosaurus Hoodie Plushie,Anime Girl Ankylosaurus Hoodie Plushie: Design 2,2,colon,Anime Girl Ankylosaurus Hoodie Plushie: Design 2 coloring page | Free Printable
anime-girls__anime-girl-axolotl-hoodie-plushie__10dcbb08c2,/printables/anime-girls/anime-girl-axolotl-hoodie-plushie-10dcbb08c2,Anime Girl Axolotl Hoodie Plushie,Anime Girl Axolotl Hoodie Plushie: Design 1,1,colon,Anime Girl Axolotl Hoodie Plushie: Design 1 coloring page | Free Printable
anime-girls__anime-girl-axolotl-hoodie-plushie__4fbeebbbf9,/printables/anime-girls/anime-girl-axolotl-hoodie-plushie-4fbeebbbf9,Anime Girl Axolotl Hoodie Plushie,Anime Girl Axolotl Hoodie Plushie: Design 2,2,colon,Anime Girl Axolotl Hoodie Plushie: Design 2 coloring page | Free Printable
anime-girls__anime-girl-beach-bakini__1d77abd2f3,/printables/anime-girls/anime-girl-beach-bakini-1d77abd2f3,Anime Girl Beach Bakini,Anime Girl Beach Bikini: Design 1,1,colon,Anime Girl Beach Bikini: Design 1 coloring page | Free Printable
anime-girls__anime-girl-beach-bakini__b9ede8c4db,/printables/anime-girls/anime-girl-beach-bakini-b9ede8c4db,Anime Girl Beach Bakini,Anime Girl Beach Bikini: Design 2,2,colon,Anime Girl Beach Bikini: Design 2 coloring page | Free Printable
anime-girls__anime-girl-boxing__31e8b864b6,/printables/anime-girls/anime-girl-boxing-31e8b864b6,Anime Girl Boxing,Anime Girl Boxing: Design 1,1,colon,Anime Girl Boxing: Design 1 coloring page | Free Printable
anime-girls__anime-girl-boxing__a787e2192f,/printables/anime-girls/anime-girl-boxing-a787e2192f,Anime Girl Boxing,Anime Girl Boxing: Design 2,2,colon,Anime Girl Boxing: Design 2 coloring page | Free Printable
anime-girls__anime-girl-brachiosaurus-hoodie-plushie__73442e8b67,/printables/animals/anime-girl-brachiosaurus-hoodie-plushie-73442e8b67,Anime Girl Brachiosaurus Hoodie Plushie,Anime Girl Brachiosaurus Hoodie Plushie: Design 1,1,colon,Anime Girl Brachiosaurus Hoodie Plushie: Design 1 coloring page | Free Printable
anime-girls__anime-girl-brachiosaurus-hoodie-plushie__a676a7c044,/printables/animals/anime-girl-brachiosaurus-hoodie-plushie-a676a7c044,Anime Girl Brachiosaurus Hoodie Plushie,Anime Girl Brachiosaurus Hoodie Plushie: Design 2,2,colon,Anime Girl Brachiosaurus Hoodie Plushie: Design 2 coloring page | Free Printable
anime-girls__anime-girl-brontosaurus-hoodie-plushie__3ad488831a,/printables/anime-girls/anime-girl-brontosaurus-hoodie-plushie-3ad488831a,Anime Girl Brontosaurus Hoodie Plushie,Anime Girl Brontosaurus Hoodie Plushie: Design 1,1,colon,Anime Girl Brontosaurus Hoodie Plushie: Design 1 coloring page | Free Printable
anime-girls__anime-girl-brontosaurus-hoodie-plushie__6175891702,/printables/anime-girls/anime-girl-brontosaurus-hoodie-plushie-6175891702,Anime Girl Brontosaurus Hoodie Plushie,Anime Girl Brontosaurus Hoodie Plushie: Design 2,2,colon,Anime Girl Brontosaurus Hoodie Plushie: Design 2 coloring page | Free Printable
anime-girls__anime-girl-cat-hoodie-plushie__62ed67bd39,/printables/animals/anime-girl-cat-hoodie-plushie-62ed67bd39,Anime Girl Cat Hoodie Plushie,Anime Girl Cat Hoodie Plushie: Design 1,1,colon,Anime Girl Cat Hoodie Plushie: Design 1 coloring page | Free Printable
anime-girls__anime-girl-cat-hoodie-plushie__82a3c178ef,/printables/animals/anime-girl-cat-hoodie-plushie-82a3c178ef,Anime Girl Cat Hoodie Plushie,Anime Girl Cat Hoodie Plushie: Design 2,2,colon,Anime Girl Cat Hoodie Plushie: Design 2 coloring page | Free Printable
anime-girls__anime-girl-crying__2510ace89a,/printables/anime-girls/anime-girl-crying-2510ace89a,Anime Girl Crying,Anime Girl Crying: Design 1,1,colon,Anime Girl Crying: Design 1 coloring page | Free Printable
anime-girls__anime-girl-crying__ada81436a5,/printables/anime-girls/anime-girl-crying-ada81436a5,Anime Girl Crying,Anime Girl Crying: Design 2,2,colon,Anime Girl Crying: Design 2 coloring page | Free Printable
anime-girls__anime-girl-deadlift__582628521a,/printables/anime-girls/anime-girl-deadlift-582628521a,Anime Girl Deadlift,Anime Girl Deadlift: Design 1,1,colon,Anime Girl Deadlift: Design 1 coloring page | Free Printable
anime-girls__anime-girl-deadlift__a9e092fc9d,/printables/anime-girls/anime-girl-deadlift-a9e092fc9d,Anime Girl Deadlift,Anime Girl Deadlift: Design 2,2,colon,Anime Girl Deadlift: Design 2 coloring page | Free Printable
anime-girls__anime-girl-dinosaur-fossil-hoodie-plushie__8dda1f7ef2,/printables/animals/anime-girl-dinosaur-fossil-hoodie-plushie-8dda1f7ef2,Anime Girl Dinosaur Fossil Hoodie Plushie,Anime Girl Dinosaur Fossil Hoodie Plushie: Design 1,1,colon,Anime Girl Dinosaur Fossil Hoodie Plushie: Design 1 coloring page | Free Printable
anime-girls__anime-girl-dinosaur-fossil-hoodie-plushie__a77e1d62f4,/printables/animals/anime-girl-dinosaur-fossil-hoodie-plushie-a77e1d62f4,Anime Girl Dinosaur Fossil Hoodie Plushie,Anime Girl Dinosaur Fossil Hoodie Plushie: Design 2,2,colon,Anime Girl Dinosaur Fossil Hoodie Plushie: Design 2 coloring page | Free Printable
anime-girls__anime-girl-dips__18b57d82ae,/printables/anime-girls/anime-girl-dips-18b57d82ae,Anime Girl Dips,Anime Girl Dips: Design 1,1,colon,Anime Girl Dips: Design 1 coloring page | Free Printable
anime-girls__anime-girl-dips__6fb384e480,/printables/anime-girls/anime-girl-dips-6fb384e480,Anime Girl Dips,Anime Girl Dips: Design 2,2,colon,Anime Girl Dips: Design 2 coloring page | Free Printable
anime-girls__anime-girl-dodo-bird-hoodie-plushie__18189d3f2f,/printables/animals/anime-girl-dodo-bird-hoodie-plushie-18189d3f2f,Anime Girl Dodo Bird Hoodie Plushie,Anime Girl Dodo Bird Hoodie Plushie: Design 1,1,colon,Anime Girl Dodo Bird Hoodie Plushie: Design 1 coloring page | Free Printable
anime-girls__anime-girl-dodo-bird-hoodie-plushie__5314caa215,/printables/animals/anime-girl-dodo-bird-hoodie-plushie-5314caa215,Anime Girl Dodo Bird Hoodie Plushie,Anime Girl Dodo Bird Hoodie Plushie: Design 2,2,colon,Anime Girl Dodo Bird Hoodie Plushie: Design 2 coloring page | Free Printable
anime-girls__anime-girl-dragon-eggs-hoodie-plushie__b1747e4988,/printables/anime-girls/anime-girl-dragon-eggs-hoodie-plushie-b1747e4988,Anime Girl Dragon Eggs Hoodie Plushie,Anime Girl Dragon Eggs Hoodie Plushie: Design 1,1,colon,Anime Girl Dragon Eggs Hoodie Plushie: Design 1 coloring page | Free Printable
anime-girls__anime-girl-dragon-eggs-hoodie-plushie__f41a8578b5,/printables/anime-girls/anime-girl-dragon-eggs-hoodie-plushie-f41a8578b5,Anime Girl Dragon Eggs Hoodie Plushie,Anime Girl Dragon Eggs Hoodie Plushie: Design 2,2,colon,Anime Girl Dragon Eggs Hoodie Plushie: Design 2 coloring page | Free Printable
anime-girls__anime-girl-dragon-hoodie-plushie__0492bac704,/printables/anime-girls/anime-girl-dragon-hoodie-plushie-0492bac704,Anime Girl Dragon Hoodie Plushie,Anime Girl Dragon Hoodie Plushie: Design 1,1,colon,Anime Girl Dragon Hoodie Plushie: Design 1 coloring page | Free Printable
anime-girls__anime-girl-dragon-hoodie-plushie__89af7a2cf7,/printables/anime-girls/anime-girl-dragon-hoodie-plushie-89af7a2cf7,Anime Girl Dragon Hoodie Plushie,Anime Girl Dragon Hoodie Plushie: Design 2,2,colon,Anime Girl Dragon Hoodie Plushie: Design 2 coloring page | Free Printable
anime-girls__anime-girl-dragon-queen__8c2e2a124f,/printables/anime-girls/anime-girl-dragon-queen-8c2e2a124f,Anime Girl Dragon Queen,Anime Girl Dragon Queen: Design 1,1,colon,Anime Girl Dragon Queen: Design 1 coloring page | Free Printable
anime-girls__anime-girl-dragon-queen__d532fdf0fd,/printables/anime-girls/anime-girl-dragon-queen-d532fdf0fd,Anime Girl Dragon Queen,Anime Girl Dragon Queen: Design 2,2,colon,Anime Girl Dragon Queen: Design 2 coloring page | Free Printable
anime-girls__anime-girl-fishing__379d012add,/printables/anime-girls/anime-girl-fishing-379d012add,Anime Girl Fishing,Anime Girl Fishing: Design 1,1,colon,Anime Girl Fishing: Design 1 coloring page | Free Printable
anime-girls__anime-girl-fishing__db00abd519,/printables/anime-girls/anime-girl-fishing-db00abd519,Anime Girl Fishing,Anime Girl Fishing: Design 2,2,colon,Anime Girl Fishing: Design 2 coloring page | Free Printable
anime-girls__anime-girl-fox__82e9f04c2c,/printables/anime-girls/anime-girl-fox-82e9f04c2c,Anime Girl Fox,Anime Girl Fox: Design 1,1,colon,Anime Girl Fox: Design 1 coloring page | Free Printable
anime-girls__anime-girl-fox__8b012cdc07,/printables/anime-girls/anime-girl-fox-8b012cdc07,Anime Girl Fox,Anime Girl Fox: Design 2,2,colon,Anime Girl Fox: Design 2 coloring page | Free Printable
anime-girls__anime-girl-future-mech__299de64d3f,/printables/anime-girls/anime-girl-future-mech-299de64d3f,Anime Girl Future Mech,Anime Girl Future Mech: Design 1,1,colon,Anime Girl Future Mech: Design 1 coloring page | Free Printable
anime-girls__anime-girl-future-mech__48efe0fb8e,/printables/anime-girls/anime-girl-future-mech-48efe0fb8e,Anime Girl Future Mech,Anime Girl Future Mech: Design 2,2,colon,Anime Girl Future Mech: Design 2 coloring page | Free Printable
anime-girls__anime-girl-giraffe-hoodie-plushie__1416704b0e,/printables/anime-girls/anime-girl-giraffe-hoodie-plushie-1416704b0e,Anime Girl Giraffe Hoodie Plushie,Anime Girl Giraffe Hoodie Plushie: Design 1,1,colon,Anime Girl Giraffe Hoodie Plushie: Design 1 coloring page | Free Printable
anime-girls__anime-girl-giraffe-hoodie-plushie__b2e72b248e,/printables/anime-girls/anime-girl-giraffe-hoodie-plushie-b2e72b248e,Anime Girl Giraffe Hoodie Plushie,Anime Girl Giraffe Hoodie Plushie: Design 2,2,colon,Anime Girl Giraffe Hoodie Plushie: Design 2 coloring page | Free Printable
anime-girls__anime-girl-gorilla-hoodie-plushie__3b980b9953,/printables/anime-girls/anime-girl-gorilla-hoodie-plushie-3b980b9953,Anime Girl Gorilla Hoodie Plushie,Anime Girl Gorilla Hoodie Plushie: Design 1,1,colon,Anime Girl Gorilla Hoodie Plushie: Design 1 coloring page | Free Printable
anime-girls__anime-girl-gorilla-hoodie-plushie__7e398204b0,/printables/anime-girls/anime-girl-gorilla-hoodie-plushie-7e398204b0,Anime Girl Gorilla Hoodie Plushie,Anime Girl Gorilla Hoodie Plushie: Design 2,2,colon,Anime Girl Gorilla Hoodie Plushie: Design 2 coloring page | Free Printable
anime-girls__anime-girl-horse-hoodie-plushie__19fe517464,/printables/anime-girls/anime-girl-horse-hoodie-plushie-19fe517464,Anime Girl Horse Hoodie Plushie,Anime Girl Horse Hoodie Plushie: Design 1,1,colon,Anime Girl Horse Hoodie Plushie: Design 1 coloring page | Free Printable
anime-girls__anime-girl-horse-hoodie-plushie__5237363b2b,/printables/anime-girls/anime-girl-horse-hoodie-plushie-5237363b2b,Anime Girl Horse Hoodie Plushie,Anime Girl Horse Hoodie Plushie: Design 2,2,colon,Anime Girl Horse Hoodie Plushie: Design 2 coloring page | Free Printable
anime-girls__anime-girl-ice-climbing__64165ab9f1,/printables/anime-girls/anime-girl-ice-climbing-64165ab9f1,Anime Girl Ice Climbing,Anime Girl Ice Climbing: Design 1,1,colon,Anime Girl Ice Climbing: Design 1 coloring page | Free Printable
anime-girls__anime-girl-ice-climbing__edc1a5d0e7,/printables/anime-girls/anime-girl-ice-climbing-edc1a5d0e7,Anime Girl Ice Climbing,Anime Girl Ice Climbing: Design 2,2,colon,Anime Girl Ice Climbing: Design 2 coloring page | Free Printable
anime-girls__anime-girl-koala-hoodie-plushie__a0ff921e3d,/printables/anime-girls/anime-girl-koala-hoodie-plushie-a0ff921e3d,Anime Girl Koala Hoodie Plushie,Anime Girl Koala Hoodie Plushie: Design 1,1,colon,Anime Girl Koala Hoodie Plushie: Design 1 coloring page | Free Printable
anime-girls__anime-girl-koala-hoodie-plushie__f55012edb9,/printables/anime-girls/anime-girl-koala-hoodie-plushie-f55012edb9,Anime Girl Koala Hoodie Plushie,Anime Girl Koala Hoodie Plushie: Design 2,2,colon,Anime Girl Koala Hoodie Plushie: Design 2 coloring page | Free Printable
anime-girls__anime-girl-lion-hoodie-plushie__0be0222b50,/printables/anime-girls/anime-girl-lion-hoodie-plushie-0be0222b50,Anime Girl Lion Hoodie Plushie,Anime Girl Lion Hoodie Plushie: Design 1,1,colon,Anime Girl Lion Hoodie Plushie: Design 1 coloring page | Free Printable
anime-girls__anime-girl-lion-hoodie-plushie__8e35521d72,/printables/anime-girls/anime-girl-lion-hoodie-plushie-8e35521d72,Anime Girl Lion Hoodie Plushie,Anime Girl Lion Hoodie Plushie: Design 2,2,colon,Anime Girl Lion Hoodie Plushie: Design 2 coloring page | Free Printable
anime-girls__anime-girl-martial-arts__09ac9f457d,/printables/anime-girls/anime-girl-martial-arts-09ac9f457d,Anime Girl Martial Arts,Anime Girl Martial Arts: Design 1,1,colon,Anime Girl Martial Arts: Design 1 coloring page | Free Printable
anime-girls__anime-girl-martial-arts__8f695b1f3d,/printables/anime-girls/anime-girl-martial-arts-8f695b1f3d,Anime Girl Martial Arts,Anime Girl Martial Arts: Design 2,2,colon,Anime Girl Martial Arts: Design 2 coloring page | Free Printable
anime-girls__anime-girl-megalodon-hoodie-plushie__1ee3da0f28,/printables/anime-girls/anime-girl-megalodon-hoodie-plushie-1ee3da0f28,Anime Girl Megalodon Hoodie Plushie,Anime Girl Megalodon Hoodie Plushie: Design 1,1,colon,Anime Girl Megalodon Hoodie Plushie: Design 1 coloring page | Free Printable
anime-girls__anime-girl-megalodon-hoodie-plushie__e1e622c3a6,/printables/anime-girls/anime-girl-megalodon-hoodie-plushie-e1e622c3a6,Anime Girl Megalodon Hoodie Plushie,Anime Girl Megalodon Hoodie Plushie: Design 2,2,colon,Anime Girl Megalodon Hoodie Plushie: Design 2 coloring page | Free Printable
anime-girls__anime-girl-nurse-doing-cpr__686d31e262,/printables/anime-girls/anime-girl-nurse-doing-cpr-686d31e262,Anime Girl Nurse Doing Cpr,Anime Girl Nurse Doing Cpr: Design 1,1,colon,Anime Girl Nurse Doing Cpr: Design 1 coloring page | Free Printable
anime-girls__anime-girl-nurse-doing-cpr__97cb133692,/printables/anime-girls/anime-girl-nurse-doing-cpr-97cb133692,Anime Girl Nurse Doing Cpr,Anime Girl Nurse Doing Cpr: Design 2,2,colon,Anime Girl Nurse Doing Cpr: Design 2 coloring page | Free Printable
anime-girls__anime-girl-panda-hoodie-plushie__28ae998098,/printables/anime-girls/anime-girl-panda-hoodie-plushie-28ae998098,Anime Girl Panda Hoodie Plushie,Anime Girl Panda Hoodie Plushie: Design 1,1,colon,Anime Girl Panda Hoodie Plushie: Design 1 coloring page | Free Printable
anime-girls__anime-girl-panda-hoodie-plushie__34886c72fd,/printables/anime-girls/anime-girl-panda-hoodie-plushie-34886c72fd,Anime Girl Panda Hoodie Plushie,Anime Girl Panda Hoodie Plushie: Design 2,2,colon,Anime Girl Panda Hoodie Plushie: Design 2 coloring page | Free Printable
anime-girls__anime-girl-parasaurolophus-hoodie-plushie__7be1711b4a,/printables/anime-girls/anime-girl-parasaurolophus-hoodie-plushie-7be1711b4a,Anime Girl Parasaurolophus Hoodie Plushie,Anime Girl Parasaurolophus Hoodie Plushie: Design 1,1,colon,Anime Girl Parasaurolophus Hoodie Plushie: Design 1 coloring page | Free Printable
anime-girls__anime-girl-parasaurolophus-hoodie-plushie__bde184c45d,/printables/anime-girls/anime-girl-parasaurolophus-hoodie-plushie-bde184c45d,Anime Girl Parasaurolophus Hoodie Plushie,Anime Girl Parasaurolophus Hoodie Plushie: Design 2,2,colon,Anime Girl Parasaurolophus Hoodie Plushie: Design 2 coloring page | Free Printable
anime-girls__anime-girl-pistol-shrimp-hoodie-plushie__978eeb75e4,/printables/anime-girls/anime-girl-pistol-shrimp-hoodie-plushie-978eeb75e4,Anime Girl Pistol Shrimp Hoodie Plushie,Anime Girl Pistol Shrimp Hoodie Plushie: Design 1,1,colon,Anime Girl Pistol Shrimp Hoodie Plushie: Design 1 coloring page | Free Printable
anime-girls__anime-girl-pistol-shrimp-hoodie-plushie__f489358366,/printables/anime-girls/anime-girl-pistol-shrimp-hoodie-plushie-f489358366,Anime Girl Pistol Shrimp Hoodie Plushie,Anime Girl Pistol Shrimp Hoodie Plushie: Design 2,2,colon,Anime Girl Pistol Shrimp Hoodie Plushie: Design 2 coloring page | Free Printable
anime-girls__anime-girl-polar-bear-hoodie-plushie__9f7c56fd44,/printables/anime-girls/anime-girl-polar-bear-hoodie-plushie-9f7c56fd44,Anime Girl Polar Bear Hoodie Plushie,Anime Girl Polar Bear Hoodie Plushie: Design 1,1,colon,Anime Girl Polar Bear Hoodie Plushie: Design 1 coloring page | Free Printable
anime-girls__anime-girl-polar-bear-hoodie-plushie__e7831d7ddc,/printables/anime-girls/anime-girl-polar-bear-hoodie-plushie-e7831d7ddc,Anime Girl Polar Bear Hoodie Plushie,Anime Girl Polar Bear Hoodie Plushie: Design 2,2,colon,Anime Girl Polar Bear Hoodie Plushie: Design 2 coloring page | Free Printable
anime-girls__anime-girl-potion-shop__49612ea98f,/printables/anime-girls/anime-girl-potion-shop-49612ea98f,Anime Girl Potion Shop,Anime Girl Potion Shop: Design 1,1,colon,Anime Girl Potion Shop: Design 1 coloring page | Free Printable
anime-girls__anime-girl-potion-shop__6e30ef7e14,/printables/anime-girls/anime-girl-potion-shop-6e30ef7e14,Anime Girl Potion Shop,Anime Girl Potion Shop: Design 2,2,colon,Anime Girl Potion Shop: Design 2 coloring page | Free Printable
anime-girls__anime-girl-pterodactyl-hoodie-plushie__2b4315b24b,/printables/anime-girls/anime-girl-pterodactyl-hoodie-plushie-2b4315b24b,Anime Girl Pterodactyl Hoodie Plushie,Anime Girl Pterodactyl Hoodie Plushie: Design 1,1,colon,Anime Girl Pterodactyl Hoodie Plushie: Design 1 coloring page | Free Printable
anime-girls__anime-girl-pterodactyl-hoodie-plushie__6b078f0b47,/printables/anime-girls/anime-girl-pterodactyl-hoodie-plushie-6b078f0b47,Anime Girl Pterodactyl Hoodie Plushie,Anime Girl Pterodactyl Hoodie Plushie: Design 2,2,colon,Anime Girl Pterodactyl Hoodie Plushie: Design 2 coloring page | Free Printable
anime-girls__anime-girl-pull-up__3623487d0d,/printables/anime-girls/anime-girl-pull-up-3623487d0d,Anime Girl Pull Up,Anime Girl Pull Up: Design 1,1,colon,Anime Girl Pull Up: Design 1 coloring page | Free Printable
anime-girls__anime-girl-pull-up__ecf5a1e138,/printables/anime-girls/anime-girl-pull-up-ecf5a1e138,Anime Girl Pull Up,Anime Girl Pull Up: Design 2,2,colon,Anime Girl Pull Up: Design 2 coloring page | Free Printable
anime-girls__anime-girl-rabbit-hoodie-plushie__1631765d48,/printables/anime-girls/anime-girl-rabbit-hoodie-plushie-1631765d48,Anime Girl Rabbit Hoodie Plushie,Anime Girl Rabbit Hoodie Plushie: Design 1,1,colon,Anime Girl Rabbit Hoodie Plushie: Design 1 coloring page | Free Printable
anime-girls__anime-girl-rabbit-hoodie-plushie__88ad45a887,/printables/anime-girls/anime-girl-rabbit-hoodie-plushie-88ad45a887,Anime Girl Rabbit Hoodie Plushie,Anime Girl Rabbit Hoodie Plushie: Design 2,2,colon,Anime Girl Rabbit Hoodie Plushie: Design 2 coloring page | Free Printable
anime-girls__anime-girl-raccoon__847e600c4b,/printables/anime-girls/anime-girl-raccoon-847e600c4b,Anime Girl Raccoon,Anime Girl Raccoon: Design 1,1,colon,Anime Girl Raccoon: Design 1 coloring page | Free Printable
anime-girls__anime-girl-raccoon__dcfab092d6,/printables/anime-girls/anime-girl-raccoon-dcfab092d6,Anime Girl Raccoon,Anime Girl Raccoon: Design 2,2,colon,Anime Girl Raccoon: Design 2 coloring page | Free Printable
anime-girls__anime-girl-raccoon-hoodie-plushie__31e1567ff8,/printables/anime-girls/anime-girl-raccoon-hoodie-plushie-31e1567ff8,Anime Girl Raccoon Hoodie Plushie,Anime Girl Raccoon Hoodie Plushie: Design 1,1,colon,Anime Girl Raccoon Hoodie Plushie: Design 1 coloring page | Free Printable
anime-girls__anime-girl-raccoon-hoodie-plushie__fc614867f5,/printables/anime-girls/anime-girl-raccoon-hoodie-plushie-fc614867f5,Anime Girl Raccoon Hoodie Plushie,Anime Girl Raccoon Hoodie Plushie: Design 2,2,colon,Anime Girl Raccoon Hoodie Plushie: Design 2 coloring page | Free Printable
anime-girls__anime-girl-rock-climbing__cca1816458,/printables/anime-girls/anime-girl-rock-climbing-cca1816458,Anime Girl Rock Climbing,Anime Girl Rock Climbing: Design 1,1,colon,Anime Girl Rock Climbing: Design 1 coloring page | Free Printable
anime-girls__anime-girl-rock-climbing__ed8cc63537,/printables/anime-girls/anime-girl-rock-climbing-ed8cc63537,Anime Girl Rock Climbing,Anime Girl Rock Climbing: Design 2,2,colon,Anime Girl Rock Climbing: Design 2 coloring page | Free Printable
anime-girls__anime-girl-running__1848f864a1,/printables/anime-girls/anime-girl-running-1848f864a1,Anime Girl Running,Anime Girl Running: Design 1,1,colon,Anime Girl Running: Design 1 coloring page | Free Printable
anime-girls__anime-girl-running__664e9a5bd1,/printables/anime-girls/anime-girl-running-664e9a5bd1,Anime Girl Running,Anime Girl Running: Design 2,2,colon,Anime Girl Running: Design 2 coloring page | Free Printable
anime-girls__anime-girl-saber-toothed-tiger-hoodie-plushie__0df82031f8,/printables/animals/anime-girl-saber-toothed-tiger-hoodie-plushie-0df82031f8,Anime Girl Saber Toothed Tiger Hoodie Plushie,Anime Girl Saber Toothed Tiger Hoodie Plushie: Design 1,1,colon,Anime Girl Saber Toothed Tiger Hoodie Plushie: Design 1 coloring page | Free Printable
anime-girls__anime-girl-saber-toothed-tiger-hoodie-plushie__14e1ec01ad,/printables/animals/anime-girl-saber-toothed-tiger-hoodie-plushie-14e1ec01ad,Anime Girl Saber Toothed Tiger Hoodie Plushie,Anime Girl Saber Toothed Tiger Hoodie Plushie: Design 2,2,colon,Anime Girl Saber Toothed Tiger Hoodie Plushie: Design 2 coloring page | Free Printable
anime-girls__anime-girl-shark-hoodie-plushie__d129be38aa,/printables/animals/anime-girl-shark-hoodie-plushie-d129be38aa,Anime Girl Shark Hoodie Plushie,Anime Girl Shark Hoodie Plushie: Design 1,1,colon,Anime Girl Shark Hoodie Plushie: Design 1 coloring page | Free Printable
anime-girls__anime-girl-shark-hoodie-plushie__fa5478b739,/printables/animals/anime-girl-shark-hoodie-plushie-fa5478b739,Anime Girl Shark Hoodie Plushie,Anime Girl Shark Hoodie Plushie: Design 2,2,colon,Anime Girl Shark Hoodie Plushie: Design 2 coloring page | Free Printable
anime-girls__anime-girl-sheep-hoodie-plushie__758204ddc0,/printables/anime-girls/anime-girl-sheep-hoodie-plushie-758204ddc0,Anime Girl Sheep Hoodie Plushie,Anime Girl Sheep Hoodie Plushie: Design 1,1,colon,Anime Girl Sheep Hoodie Plushie: Design 1 coloring page | Free Printable
anime-girls__anime-girl-sheep-hoodie-plushie__fa8069a940,/printables/anime-girls/anime-girl-sheep-hoodie-plushie-fa8069a940,Anime Girl Sheep Hoodie Plushie,Anime Girl Sheep Hoodie Plushie: Design 2,2,colon,Anime Girl Sheep Hoodie Plushie: Design 2 coloring page | Free Printable
anime-girls__anime-girl-skunk-hoodie-plushie__100f99934f,/printables/anime-girls/anime-girl-skunk-hoodie-plushie-100f99934f,Anime Girl Skunk Hoodie Plushie,Anime Girl Skunk Hoodie Plushie: Design 1,1,colon,Anime Girl Skunk Hoodie Plushie: Design 1 coloring page | Free Printable
anime-girls__anime-girl-skunk-hoodie-plushie__e46f25f24b,/printables/anime-girls/anime-girl-skunk-hoodie-plushie-e46f25f24b,Anime Girl Skunk Hoodie Plushie,Anime Girl Skunk Hoodie Plushie: Design 2,2,colon,Anime Girl Skunk Hoodie Plushie: Design 2 coloring page | Free Printable
anime-girls__anime-girl-sloth-hoodie-plushie__714f59e3d0,/printables/anime-girls/anime-girl-sloth-hoodie-plushie-714f59e3d0,Anime Girl Sloth Hoodie Plushie,Anime Girl Sloth Hoodie Plushie: Design 1,1,colon,Anime Girl Sloth Hoodie Plushie: Design 1 coloring page | Free Printable
anime-girls__anime-girl-sloth-hoodie-plushie__addf74f9c0,/printables/anime-girls/anime-girl-sloth-hoodie-plushie-addf74f9c0,Anime Girl Sloth Hoodie Plushie,Anime Girl Sloth Hoodie Plushie: Design 2,2,colon,Anime Girl Sloth Hoodie Plushie: Design 2 coloring page | Free Printable
anime-girls__anime-girl-snake-hoodie-plushie__18ff159176,/printables/animals/anime-girl-snake-hoodie-plushie-18ff159176,Anime Girl Snake Hoodie Plushie,Anime Girl Snake Hoodie Plushie: Design 1,1,colon,Anime Girl Snake Hoodie Plushie: Design 1 coloring page | Free Printable
anime-girls__anime-girl-snake-hoodie-plushie__a3d6dff189,/printables/animals/anime-girl-snake-hoodie-plushie-a3d6dff189,Anime Girl Snake Hoodie Plushie,Anime Girl Snake Hoodie Plushie: Design 2,2,colon,Anime Girl Snake Hoodie Plushie: Design 2 coloring page | Free Printable
anime-girls__anime-girl-spinosaurus-hoodie-plushie__5f5fe5ac55,/printables/anime-girls/anime-girl-spinosaurus-hoodie-plushie-5f5fe5ac55,Anime Girl Spinosaurus Hoodie Plushie,Anime Girl Spinosaurus Hoodie Plushie: Design 1,1,colon,Anime Girl Spinosaurus Hoodie Plushie: Design 1 coloring page | Free Printable
anime-girls__anime-girl-spinosaurus-hoodie-plushie__b1c4da2cc4,/printables/anime-girls/anime-girl-spinosaurus-hoodie-plushie-b1c4da2cc4,Anime Girl Spinosaurus Hoodie Plushie,Anime Girl Spinosaurus Hoodie Plushie: Design 2,2,colon,Anime Girl Spinosaurus Hoodie Plushie: Design 2 coloring page | Free Printable
anime-girls__anime-girl-stegosaurus-hoodie-plushie__191f4bdb4d,/printables/animals/anime-girl-stegosaurus-hoodie-plushie-191f4bdb4d,Anime Girl Stegosaurus Hoodie Plushie,Anime Girl Stegosaurus Hoodie Plushie: Design 1,1,colon,Anime Girl Stegosaurus Hoodie Plushie: Design 1 coloring page | Free Printable
anime-girls__anime-girl-stegosaurus-hoodie-plushie__1d07718adb,/printables/animals/anime-girl-stegosaurus-hoodie-plushie-1d07718adb,Anime Girl Stegosaurus Hoodie Plushie,Anime Girl Stegosaurus Hoodie Plushie: Design 2,2,colon,Anime Girl Stegosaurus Hoodie Plushie: Design 2 coloring page | Free Printable
anime-girls__anime-girl-t-rex-hoodie-plushie__518ba8dd62,/printables/animals/anime-girl-t-rex-hoodie-plushie-518ba8dd62,Anime Girl T Rex Hoodie Plushie,Anime Girl T Rex Hoodie Plushie: Design 1,1,colon,Anime Girl T Rex Hoodie Plushie: Design 1 coloring page | Free Printable
anime-girls__anime-girl-t-rex-hoodie-plushie__8a87f18c10,/printables/animals/anime-girl-t-rex-hoodie-plushie-8a87f18c10,Anime Girl T Rex Hoodie Plushie,Anime Girl T Rex Hoodie Plushie: Design 2,2,colon,Anime Girl T Rex Hoodie Plushie: Design 2 coloring page | Free Printable
anime-girls__anime-girl-thief__8a5252f8da,/printables/anime-girls/anime-girl-thief-8a5252f8da,Anime Girl Thief,Anime Girl Thief: Design 1,1,colon,Anime Girl Thief: Design 1 coloring page | Free Printable
anime-girls__anime-girl-thief__a2a9ffde90,/printables/anime-girls/anime-girl-thief-a2a9ffde90,Anime Girl Thief,Anime Girl Thief: Design 2,2,colon,Anime Girl Thief: Design 2 coloring page | Free Printable
anime-girls__anime-girl-tree-climbing__88fbdf51e9,/printables/anime-girls/anime-girl-tree-climbing-88fbdf51e9,Anime Girl Tree Climbing,Anime Girl Tree Climbing: Design 1,1,colon,Anime Girl Tree Climbing: Design 1 coloring page | Free Printable
anime-girls__anime-girl-tree-climbing__d0d5f7375c,/printables/anime-girls/anime-girl-tree-climbing-d0d5f7375c,Anime Girl Tree Climbing,Anime Girl Tree Climbing: Design 2,2,colon,Anime Girl Tree Climbing: Design 2 coloring page | Free Printable
anime-girls__anime-girl-triceratops-hoodie-plushie__35b8a70219,/printables/animals/anime-girl-triceratops-hoodie-plushie-35b8a70219,Anime Girl Triceratops Hoodie Plushie,Anime Girl Triceratops Hoodie Plushie: Design 1,1,colon,Anime Girl Triceratops Hoodie Plushie: Design 1 coloring page | Free Printable
anime-girls__anime-girl-triceratops-hoodie-plushie__dceea22cc8,/printables/animals/anime-girl-triceratops-hoodie-plushie-dceea22cc8,Anime Girl Triceratops Hoodie Plushie,Anime Girl Triceratops Hoodie Plushie: Design 2,2,colon,Anime Girl Triceratops Hoodie Plushie: Design 2 coloring page | Free Printable
anime-girls__anime-girl-velociraptor-hoodie-plushie__09fa9dfa72,/printables/animals/anime-girl-velociraptor-hoodie-plushie-09fa9dfa72,Anime Girl Velociraptor Hoodie Plushie,Anime Girl Velociraptor Hoodie Plushie: Design 1,1,colon,Anime Girl Velociraptor Hoodie Plushie: Design 1 coloring page | Free Printable
anime-girls__anime-girl-velociraptor-hoodie-plushie__d744747b6a,/printables/animals/anime-girl-velociraptor-hoodie-plushie-d744747b6a,Anime Girl Velociraptor Hoodie Plushie,Anime Girl Velociraptor Hoodie Plushie: Design 2,2,colon,Anime Girl Velociraptor Hoodie Plushie: Design 2 coloring page | Free Printable
anime-girls__anime-girl-witch-riding-broom__57ec0926f1,/printables/anime-girls/anime-girl-witch-riding-broom-57ec0926f1,Anime Girl Witch Riding Broom,Anime Girl Witch Riding Broom: Design 1,1,colon,Anime Girl Witch Riding Broom: Design 1 coloring page | Free Printable
anime-girls__anime-girl-witch-riding-broom__75a4274ba0,/printables/anime-girls/anime-girl-witch-riding-broom-75a4274ba0,Anime Girl Witch Riding Broom,Anime Girl Witch Riding Broom: Design 2,2,colon,Anime Girl Witch Riding Broom: Design 2 coloring page | Free Printable
anime-girls__anime-girl-wolf-hoodie-plushie__02c1f663d3,/printables/anime-girls/anime-girl-wolf-hoodie-plushie-02c1f663d3,Anime Girl Wolf Hoodie Plushie,Anime Girl Wolf Hoodie Plushie: Design 1,1,colon,Anime Girl Wolf Hoodie Plushie: Design 1 coloring page | Free Printable
anime-girls__anime-girl-wolf-hoodie-plushie__54e2d6631a,/printables/anime-girls/anime-girl-wolf-hoodie-plushie-54e2d6631a,Anime Girl Wolf Hoodie Plushie,Anime Girl Wolf Hoodie Plushie: Design 2,2,colon,Anime Girl Wolf Hoodie Plushie: Design 2 coloring page | Free Printable
anime-girls__anime-girl-woolly-mammoth-hoodie-plushie__4e018104ac,/printables/animals/anime-girl-woolly-mammoth-hoodie-plushie-4e018104ac,Anime Girl Woolly Mammoth Hoodie Plushie,Anime Girl Woolly Mammoth Hoodie Plushie: Design 1,1,colon,Anime Girl Woolly Mammoth Hoodie Plushie: Design 1 coloring page | Free Printable
anime-girls__anime-girl-woolly-mammoth-hoodie-plushie__f4b9879b0d,/printables/animals/anime-girl-woolly-mammoth-hoodie-plushie-f4b9879b0d,Anime Girl Woolly Mammoth Hoodie Plushie,Anime Girl Woolly Mammoth Hoodie Plushie: Design 2,2,colon,Anime Girl Woolly Mammoth Hoodie Plushie: Design 2 coloring page | Free Printable
anime-girls__anime-girl-workout-barbell-squat__22106d1624,/printables/anime-girls/anime-girl-workout-barbell-squat-22106d1624,Anime Girl Workout Barbell Squat,Anime Girl Workout Barbell Squat: Design 1,1,colon,Anime Girl Workout Barbell Squat: Design 1 coloring page | Free Printable
anime-girls__anime-girl-workout-barbell-squat__963002bf98,/printables/anime-girls/anime-girl-workout-barbell-squat-963002bf98,Anime Girl Workout Barbell Squat,Anime Girl Workout Barbell Squat: Design 2,2,colon,Anime Girl Workout Barbell Squat: Design 2 coloring page | Free Printable
anime-girls__anime-girl-workout-sumo-squat__3178749205,/printables/anime-girls/anime-girl-workout-sumo-squat-3178749205,Anime Girl Workout Sumo Squat,Anime Girl Workout Sumo Squat: Design 1,1,colon,Anime Girl Workout Sumo Squat: Design 1 coloring page | Free Printable
anime-girls__anime-girl-workout-sumo-squat__49f5a3dff0,/printables/anime-girls/anime-girl-workout-sumo-squat-49f5a3dff0,Anime Girl Workout Sumo Squat,Anime Girl Workout Sumo Squat: Design 2,2,colon,Anime Girl Workout Sumo Squat: Design 2 coloring page | Free Printable
anime-girls__anime-girl-yoga-adho-mukha-svanasana__6ae8fb4d1c,/printables/anime-girls/anime-girl-yoga-adho-mukha-svanasana-6ae8fb4d1c,Anime Girl Yoga Adho Mukha Svanasana,Anime Girl Yoga Adho Mukha Svanasana: Design 1,1,colon,Anime Girl Yoga Adho Mukha Svanasana: Design 1 coloring page | Free Printable
anime-girls__anime-girl-yoga-adho-mukha-svanasana__88efa82eab,/printables/anime-girls/anime-girl-yoga-adho-mukha-svanasana-88efa82eab,Anime Girl Yoga Adho Mukha Svanasana,Anime Girl Yoga Adho Mukha Svanasana: Design 2,2,colon,Anime Girl Yoga Adho Mukha Svanasana: Design 2 coloring page | Free Printable
anime-girls__anime-girl-yoga-cat-pose__8f1ad64f33,/printables/animals/anime-girl-yoga-cat-pose-8f1ad64f33,Anime Girl Yoga Cat Pose,Anime Girl Yoga Cat Pose: Design 1,1,colon,Anime Girl Yoga Cat Pose: Design 1 coloring page | Free Printable
anime-girls__anime-girl-yoga-cat-pose__b9c34831e3,/printables/animals/anime-girl-yoga-cat-pose-b9c34831e3,Anime Girl Yoga Cat Pose,Anime Girl Yoga Cat Pose: Design 2,2,colon,Anime Girl Yoga Cat Pose: Design 2 coloring page | Free Printable
anime-girls__anime-girl-yoga-crane-pose__68d31d8787,/printables/anime-girls/anime-girl-yoga-crane-pose-68d31d8787,Anime Girl Yoga Crane Pose,Anime Girl Yoga Crane Pose: Design 1,1,colon,Anime Girl Yoga Crane Pose: Design 1 coloring page | Free Printable
anime-girls__anime-girl-yoga-crane-pose__b0c728f830,/printables/anime-girls/anime-girl-yoga-crane-pose-b0c728f830,Anime Girl Yoga Crane Pose,Anime Girl Yoga Crane Pose: Design 2,2,colon,Anime Girl Yoga Crane Pose: Design 2 coloring page | Free Printable
anime-girls__anime-girl-yoga-crow-pose__5ec68177e5,/printables/anime-girls/anime-girl-yoga-crow-pose-5ec68177e5,Anime Girl Yoga Crow Pose,Anime Girl Yoga Crow Pose: Design 1,1,colon,Anime Girl Yoga Crow Pose: Design 1 coloring page | Free Printable
anime-girls__anime-girl-yoga-crow-pose__c99c1666a8,/printables/anime-girls/anime-girl-yoga-crow-pose-c99c1666a8,Anime Girl Yoga Crow Pose,Anime Girl Yoga Crow Pose: Design 2,2,colon,Anime Girl Yoga Crow Pose: Design 2 coloring page | Free Printable
anime-girls__anime-girl-yoga-deep-squats__1e52f3ee9e,/printables/anime-girls/anime-girl-yoga-deep-squats-1e52f3ee9e,Anime Girl Yoga Deep Squats,Anime Girl Yoga Deep Squats: Design 1,1,colon,Anime Girl Yoga Deep Squats: Design 1 coloring page | Free Printable
anime-girls__anime-girl-yoga-deep-squats__95d1dec836,/printables/anime-girls/anime-girl-yoga-deep-squats-95d1dec836,Anime Girl Yoga Deep Squats,Anime Girl Yoga Deep Squats: Design 2,2,colon,Anime Girl Yoga Deep Squats: Design 2 coloring page | Free Printable
anime-girls__anime-girl-yoga-downward-dog-pose__7ef0da1e5b,/printables/animals/anime-girl-yoga-downward-dog-pose-7ef0da1e5b,Anime Girl Yoga Downward Dog Pose,Anime Girl Yoga Downward Dog Pose: Design 1,1,colon,Anime Girl Yoga Downward Dog Pose: Design 1 coloring page | Free Printable
anime-girls__anime-girl-yoga-downward-dog-pose__db00bb01c8,/printables/animals/anime-girl-yoga-downward-dog-pose-db00bb01c8,Anime Girl Yoga Downward Dog Pose,Anime Girl Yoga Downward Dog Pose: Design 2,2,colon,Anime Girl Yoga Downward Dog Pose: Design 2 coloring page | Free Printable
anime-girls__anime-girl-yoga-downward-facing-dog__45dac09d58,/printables/animals/anime-girl-yoga-downward-facing-dog-45dac09d58,Anime Girl Yoga Downward Facing Dog,Anime Girl Yoga Downward Facing Dog: Design 1,1,colon,Anime Girl Yoga Downward Facing Dog: Design 1 coloring page | Free Printable
anime-girls__anime-girl-yoga-downward-facing-dog__acb30310e2,/printables/animals/anime-girl-yoga-downward-facing-dog-acb30310e2,Anime Girl Yoga Downward Facing Dog,Anime Girl Yoga Downward Facing Dog: Design 2,2,colon,Anime Girl Yoga Downward Facing Dog: Design 2 coloring page | Free Printable
anime-girls__anime-girl-yoga-mountain-pose__9fed83ed3c,/printables/anime-girls/anime-girl-yoga-mountain-pose-9fed83ed3c,Anime Girl Yoga Mountain Pose,Anime Girl Yoga Mountain Pose: Design 1,1,colon,Anime Girl Yoga Mountain Pose: Design 1 coloring page | Free Printable
anime-girls__anime-girl-yoga-mountain-pose__b4108d5a66,/printables/anime-girls/anime-girl-yoga-mountain-pose-b4108d5a66,Anime Girl Yoga Mountain Pose,Anime Girl Yoga Mountain Pose: Design 2,2,colon,Anime Girl Yoga Mountain Pose: Design 2 coloring page | Free Printable
anime-girls__anime-girl-yoga-tree-pose__6aa02d0dff,/printables/anime-girls/anime-girl-yoga-tree-pose-6aa02d0dff,Anime Girl Yoga Tree Pose,Anime Girl Yoga Tree Pose: Design 1,1,colon,Anime Girl Yoga Tree Pose: Design 1 coloring page | Free Printable
anime-girls__anime-girl-yoga-tree-pose__d797bae638,/printables/anime-girls/anime-girl-yoga-tree-pose-d797bae638,Anime Girl Yoga Tree Pose,Anime Girl Yoga Tree Pose: Design 2,2,colon,Anime Girl Yoga Tree Pose: Design 2 coloring page | Free Printable
anime-girls__anime-girl-yoga-triangle-pose__8bbe16961b,/printables/anime-girls/anime-girl-yoga-triangle-pose-8bbe16961b,Anime Girl Yoga Triangle Pose,Anime Girl Yoga Triangle Pose: Design 1,1,colon,Anime Girl Yoga Triangle Pose: Design 1 coloring page | Free Printable
anime-girls__anime-girl-yoga-triangle-pose__e58cff7b5d,/printables/anime-girls/anime-girl-yoga-triangle-pose-e58cff7b5d,Anime Girl Yoga Triangle Pose,Anime Girl Yoga Triangle Pose: Design 2,2,colon,Anime Girl Yoga Triangle Pose: Design 2 coloring page | Free Printable
anime-girls__anime-girl-yoga-warrior-i__1a9a130a72,/printables/anime-girls/anime-girl-yoga-warrior-i-1a9a130a72,Anime Girl Yoga Warrior I,Anime Girl Yoga Warrior I: Design 1,1,colon,Anime Girl Yoga Warrior I: Design 1 coloring page | Free Printable
anime-girls__anime-girl-yoga-warrior-i__9064348078,/printables/anime-girls/anime-girl-yoga-warrior-i-9064348078,Anime Girl Yoga Warrior I,Anime Girl Yoga Warrior I: Design 2,2,colon,Anime Girl Yoga Warrior I: Design 2 coloring page | Free Printable
anime-girls__anime-girl-zebra-hoodie-plushie__825c503b8d,/printables/anime-girls/anime-girl-zebra-hoodie-plushie-825c503b8d,Anime Girl Zebra Hoodie Plushie,Anime Girl Zebra Hoodie Plushie: Design 1,1,colon,Anime Girl Zebra Hoodie Plushie: Design 1 coloring page | Free Printable
anime-girls__anime-girl-zebra-hoodie-plushie__ed9bd916ff,/printables/anime-girls/anime-girl-zebra-hoodie-plushie-ed9bd916ff,Anime Girl Zebra Hoodie Plushie,Anime Girl Zebra Hoodie Plushie: Design 2,2,colon,Anime Girl Zebra Hoodie Plushie: Design 2 coloring page | Free Printable
